,TPR,group_value,group_variable,k,model_id,parameter,TNR,FOmR,FDR,FPR,FNR,NPV,Precision,PP,PN,PPR,PPrev,FP,FN,TN,TP,group_label_neg,group_label_pos,group_size,total_entities,Prev,PPR_disparity,PPrev_disparity,FDR_disparity,FOmR_disparity,FPR_disparity,FNR_disparity,PPR_ref_group_value,PPrev_ref_group_value,FDR_ref_group_value,FOmR_ref_group_value,FPR_ref_group_value,FNR_ref_group_value
0,0.0,10th,education,10,1,10_abs,1.0,0.06164383561643835,0.0,0.0,1.0,0.9383561643835616,0.0,0,292,0.0,0.0,0,18,274,0,274,18,292,9769,0.06164383561643835,0.0,0.0,0.0,0.39691712191506295,0.0,1.0,HS-grad,HS-grad,HS-grad,HS-grad,HS-grad,HS-grad
1,0.0,11th,education,10,1,10_abs,1.0,0.04398826979472141,0.0,0.0,1.0,0.9560117302052786,0.0,0,341,0.0,0.0,0,15,326,0,326,15,341,9769,0.04398826979472141,0.0,0.0,0.0,0.28323509188464907,0.0,1.0,HS-grad,HS-grad,HS-grad,HS-grad,HS-grad,HS-grad
2,0.0,12th,education,10,1,10_abs,0.9907407407407407,0.06956521739130435,1.0,0.009259259259259259,1.0,0.9304347826086956,0.0,1,115,0.1,0.008620689655172414,1,8,107,0,108,8,116,9769,0.06896551724137931,1.0,27.70689655172414,1.0,0.447921930818158,25.13888888888889,1.0,HS-grad,HS-grad,HS-grad,HS-grad,HS-grad,HS-grad
3,0.0,1st-4th,education,10,1,10_abs,1.0,0.044444444444444446,0.0,0.0,1.0,0.9555555555555556,0.0,0,45,0.0,0.0,0,2,43,0,43,2,45,9769,0.044444444444444446,0.0,0.0,0.0,0.28617234468937874,0.0,1.0,HS-grad,HS-grad,HS-grad,HS-grad,HS-grad,HS-grad
4,0.0,5th-6th,education,10,1,10_abs,1.0,0.05063291139240506,0.0,0.0,1.0,0.9493670886075949,0.0,0,79,0.0,0.0,0,4,75,0,75,4,79,9769,0.05063291139240506,0.0,0.0,0.0,0.32601912686131757,0.0,1.0,HS-grad,HS-grad,HS-grad,HS-grad,HS-grad,HS-grad
5,0.0,7th-8th,education,10,1,10_abs,1.0,0.03825136612021858,0.0,0.0,1.0,0.9617486338797814,0.0,0,183,0.0,0.0,0,7,176,0,176,7,183,9769,0.03825136612021858,0.0,0.0,0.0,0.24629587042938333,0.0,1.0,HS-grad,HS-grad,HS-grad,HS-grad,HS-grad,HS-grad
6,0.0,9th,education,10,1,10_abs,1.0,0.052980132450331126,0.0,0.0,1.0,0.9470198675496688,0.0,0,151,0.0,0.0,0,8,143,0,143,8,151,9769,0.052980132450331126,0.0,0.0,0.0,0.3411325963184647,0.0,1.0,HS-grad,HS-grad,HS-grad,HS-grad,HS-grad,HS-grad
7,0.0,Assoc-acdm,education,10,1,10_abs,1.0,0.2871287128712871,0.0,0.0,1.0,0.7128712871287128,0.0,0,303,0.0,0.0,0,87,216,0,216,87,303,9769,0.2871287128712871,0.0,0.0,0.0,1.8487866822754417,0.0,1.0,HS-grad,HS-grad,HS-grad,HS-grad,HS-grad,HS-grad
8,0.0,Assoc-voc,education,10,1,10_abs,0.9965034965034965,0.2962962962962963,1.0,0.0034965034965034965,1.0,0.7037037037037037,0.0,1,405,0.1,0.0024630541871921183,1,120,285,0,286,120,406,9769,0.2955665024630542,1.0,7.916256157635468,1.0,1.9078156312625247,9.493006993006993,1.0,HS-grad,HS-grad,HS-grad,HS-grad,HS-grad,HS-grad
9,0.004511278195488722,Bachelors,education,10,1,10_abs,0.9979317476732161,0.4068838352796558,0.4,0.002068252326783868,0.9954887218045113,0.5931161647203442,0.6,5,1627,0.5,0.0030637254901960784,2,662,965,3,967,665,1632,9769,0.4074754901960784,5.0,9.846813725490197,0.4,2.6198752760591866,5.615305067218201,0.9954887218045113,HS-grad,HS-grad,HS-grad,HS-grad,HS-grad,HS-grad
10,0.0,Doctorate,education,10,1,10_abs,1.0,0.728,0.0,0.0,1.0,0.272,0.0,0,125,0.0,0.0,0,91,34,0,34,91,125,9769,0.728,0.0,0.0,0.0,4.687503006012023,0.0,1.0,HS-grad,HS-grad,HS-grad,HS-grad,HS-grad,HS-grad
11,0.0,HS-grad,education,10,1,10_abs,0.9996316758747698,0.15530656707127297,1.0,0.00036832412523020257,1.0,0.844693432928727,0.0,1,3213,0.1,0.00031113876789047915,1,499,2714,0,2715,499,3214,9769,0.1552582451773491,1.0,1.0,1.0,1.0,1.0,1.0,HS-grad,HS-grad,HS-grad,HS-grad,HS-grad,HS-grad
12,0.0,Masters,education,10,1,10_abs,1.0,0.5758835758835759,0.0,0.0,1.0,0.42411642411642414,0.0,0,481,0.0,0.0,0,277,204,0,204,277,481,9769,0.5758835758835759,0.0,0.0,0.0,3.7080439465209,0.0,1.0,HS-grad,HS-grad,HS-grad,HS-grad,HS-grad,HS-grad
13,0.0,Preschool,education,10,1,10_abs,1.0,0.0,0.0,0.0,0.0,1.0,0.0,0,16,0.0,0.0,0,0,16,0,16,0,16,9769,0.0,0.0,0.0,0.0,0.0,0.0,0.0,HS-grad,HS-grad,HS-grad,HS-grad,HS-grad,HS-grad
14,0.0,Prof-school,education,10,1,10_abs,1.0,0.6966292134831461,0.0,0.0,1.0,0.30337078651685395,0.0,0,178,0.0,0.0,0,124,54,0,54,124,178,9769,0.6966292134831461,0.0,0.0,0.0,4.485510346535768,0.0,1.0,HS-grad,HS-grad,HS-grad,HS-grad,HS-grad,HS-grad
15,0.0,Some-college,education,10,1,10_abs,0.998876404494382,0.19365079365079366,1.0,0.0011235955056179776,1.0,0.8063492063492064,0.0,2,2205,0.2,0.0009062075215224287,2,427,1778,0,1780,427,2207,9769,0.19347530584503853,2.0,2.9125509741730857,1.0,1.2468937875751502,3.0505617977528092,1.0,HS-grad,HS-grad,HS-grad,HS-grad,HS-grad,HS-grad
16,0.05555555555555555,10th,education,50,1,50_abs,0.9854014598540146,0.059233449477351915,0.8,0.014598540145985401,0.9444444444444444,0.9407665505226481,0.2,5,287,0.1,0.017123287671232876,4,17,270,1,274,18,292,9769,0.06164383561643835,0.33333333333333337,3.6689497716894977,1.0,0.38203186467348543,3.3029197080291968,0.9501568100358423,HS-grad,HS-grad,HS-grad,HS-grad,HS-grad,HS-grad
17,0.0,11th,education,50,1,50_abs,0.9969325153374233,0.04411764705882353,1.0,0.003067484662576687,1.0,0.9558823529411765,0.0,1,340,0.02,0.002932551319648094,1,15,325,0,326,15,341,9769,0.04398826979472141,0.06666666666666667,0.6283479960899316,1.25,0.2845410341555977,0.6940184049079754,1.0060483870967742,HS-grad,HS-grad,HS-grad,HS-grad,HS-grad,HS-grad
18,0.0,12th,education,50,1,50_abs,0.9814814814814815,0.07017543859649122,1.0,0.018518518518518517,1.0,0.9298245614035088,0.0,2,114,0.04,0.017241379310344827,2,8,106,0,108,8,116,9769,0.06896551724137931,0.13333333333333333,3.6942528735632187,1.25,0.4526032823995472,4.189814814814814,1.0060483870967742,HS-grad,HS-grad,HS-grad,HS-grad,HS-grad,HS-grad
19,0.0,1st-4th,education,50,1,50_abs,1.0,0.044444444444444446,0.0,0.0,1.0,0.9555555555555556,0.0,0,45,0.0,0.0,0,2,43,0,43,2,45,9769,0.044444444444444446,0.0,0.0,0.0,0.28664874551971326,0.0,1.0060483870967742,HS-grad,HS-grad,HS-grad,HS-grad,HS-grad,HS-grad
20,0.0,5th-6th,education,50,1,50_abs,1.0,0.05063291139240506,0.0,0.0,1.0,0.9493670886075949,0.0,0,79,0.0,0.0,0,4,75,0,75,4,79,9769,0.05063291139240506,0.0,0.0,0.0,0.32656186198448345,0.0,1.0060483870967742,HS-grad,HS-grad,HS-grad,HS-grad,HS-grad,HS-grad
21,0.0,7th-8th,education,50,1,50_abs,1.0,0.03825136612021858,0.0,0.0,1.0,0.9617486338797814,0.0,0,183,0.0,0.0,0,7,176,0,176,7,183,9769,0.03825136612021858,0.0,0.0,0.0,0.24670588753745815,0.0,1.0060483870967742,HS-grad,HS-grad,HS-grad,HS-grad,HS-grad,HS-grad
22,0.0,9th,education,50,1,50_abs,0.986013986013986,0.053691275167785234,1.0,0.013986013986013986,1.0,0.9463087248322147,0.0,2,149,0.04,0.013245033112582781,2,8,141,0,143,8,151,9769,0.052980132450331126,0.13333333333333333,2.8379690949227374,1.25,0.3462870751244858,3.164335664335664,1.0060483870967742,HS-grad,HS-grad,HS-grad,HS-grad,HS-grad,HS-grad
23,0.0,Assoc-acdm,education,50,1,50_abs,0.9953703703703703,0.28807947019867547,1.0,0.004629629629629629,1.0,0.7119205298013245,0.0,1,302,0.02,0.0033003300330033004,1,87,215,0,216,87,303,9769,0.2871287128712871,0.06666666666666667,0.7071507150715072,1.25,1.8579964217047638,1.0474537037037035,1.0060483870967742,HS-grad,HS-grad,HS-grad,HS-grad,HS-grad,HS-grad
24,0.008333333333333333,Assoc-voc,education,50,1,50_abs,0.993006993006993,0.29528535980148884,0.6666666666666666,0.006993006993006993,0.9916666666666667,0.7047146401985112,0.3333333333333333,3,403,0.06,0.007389162561576354,2,119,284,1,286,120,406,9769,0.2955665024630542,0.2,1.5832512315270937,0.8333333333333333,1.9044715040422637,1.582167832167832,0.9976646505376344,HS-grad,HS-grad,HS-grad,HS-grad,HS-grad,HS-grad
25,0.004511278195488722,Bachelors,education,50,1,50_abs,0.9948293691830403,0.40763546798029554,0.625,0.005170630816959669,0.9954887218045113,0.5923645320197044,0.375,8,1624,0.16,0.004901960784313725,5,662,962,3,967,665,1632,9769,0.4074754901960784,0.5333333333333333,1.050326797385621,0.78125,2.6290843993325916,1.169855222337125,1.001509822944458,HS-grad,HS-grad,HS-grad,HS-grad,HS-grad,HS-grad
26,0.01098901098901099,Doctorate,education,50,1,50_abs,1.0,0.7258064516129032,0.0,0.0,0.989010989010989,0.27419354838709675,1.0,1,124,0.02,0.008,0,90,34,1,34,91,125,9769,0.728,0.06666666666666667,1.7141333333333335,0.0,4.681158949011446,0.0,0.994992910315491,HS-grad,HS-grad,HS-grad,HS-grad,HS-grad,HS-grad
27,0.006012024048096192,HS-grad,education,50,1,50_abs,0.9955801104972376,0.15504845264145045,0.8,0.004419889502762431,0.9939879759519038,0.8449515473585495,0.2,15,3199,0.3,0.004667081518357187,12,496,2703,3,2715,499,3214,9769,0.1552582451773491,1.0,1.0,1.0,1.0,1.0,1.0,HS-grad,HS-grad,HS-grad,HS-grad,HS-grad,HS-grad
28,0.0036101083032490976,Masters,education,50,1,50_abs,0.9852941176470589,0.5786163522012578,0.75,0.014705882352941176,0.9963898916967509,0.42138364779874216,0.25,4,477,0.08,0.008316008316008316,3,276,201,1,204,277,481,9769,0.5758835758835759,0.26666666666666666,1.781843381843382,0.9375,3.7318421586528707,3.3272058823529407,1.0024164434610456,HS-grad,HS-grad,HS-grad,HS-grad,HS-grad,HS-grad
29,0.0,Preschool,education,50,1,50_abs,1.0,0.0,0.0,0.0,0.0,1.0,0.0,0,16,0.0,0.0,0,0,16,0,16,0,16,9769,0.0,0.0,0.0,0.0,0.0,0.0,0.0,HS-grad,HS-grad,HS-grad,HS-grad,HS-grad,HS-grad
30,0.0,Prof-school,education,50,1,50_abs,1.0,0.6966292134831461,0.0,0.0,1.0,0.30337078651685395,0.0,0,178,0.0,0.0,0,124,54,0,54,124,178,9769,0.6966292134831461,0.0,0.0,0.0,4.492977528089888,0.0,1.0060483870967742,HS-grad,HS-grad,HS-grad,HS-grad,HS-grad,HS-grad
31,0.0,Some-college,education,50,1,50_abs,0.9955056179775281,0.19417917235106866,1.0,0.0044943820224719105,1.0,0.8058208276489314,0.0,8,2199,0.16,0.0036248300860897147,8,427,1772,0,1780,427,2207,9769,0.19347530584503853,0.5333333333333333,0.7766802597794896,1.25,1.2523773636110256,1.0168539325842696,1.0060483870967742,HS-grad,HS-grad,HS-grad,HS-grad,HS-grad,HS-grad
32,0.05555555555555555,10th,education,100,1,100_abs,0.9781021897810219,0.05964912280701754,0.8571428571428571,0.021897810218978103,0.9444444444444444,0.9403508771929825,0.14285714285714285,7,285,0.07,0.023972602739726026,6,17,268,1,274,18,292,9769,0.06164383561643835,0.2692307692307693,2.9633825079030554,1.0129870129870129,0.3841644515328726,2.7023888520238883,0.9520763187429854,HS-grad,HS-grad,HS-grad,HS-grad,HS-grad,HS-grad
33,0.0,11th,education,100,1,100_abs,0.9938650306748467,0.04424778761061947,1.0,0.006134969325153374,1.0,0.9557522123893806,0.0,2,339,0.02,0.005865102639296188,2,15,324,0,326,15,341,9769,0.04398826979472141,0.07692307692307693,0.7250169185653056,1.1818181818181819,0.2849736301063735,0.7571109871723368,1.0080808080808081,HS-grad,HS-grad,HS-grad,HS-grad,HS-grad,HS-grad
34,0.0,12th,education,100,1,100_abs,0.9814814814814815,0.07017543859649122,1.0,0.018518518518518517,1.0,0.9298245614035088,0.0,2,114,0.02,0.017241379310344827,2,8,106,0,108,8,116,9769,0.06896551724137931,0.07692307692307693,2.1312997347480103,1.1818181818181819,0.4519581782739678,2.285353535353535,1.0080808080808081,HS-grad,HS-grad,HS-grad,HS-grad,HS-grad,HS-grad
35,0.5,1st-4th,education,100,1,100_abs,1.0,0.022727272727272728,0.0,0.0,0.5,0.9772727272727273,1.0,1,44,0.01,0.022222222222222223,0,1,43,1,43,2,45,9769,0.044444444444444446,0.038461538461538464,2.747008547008547,0.0,0.14637281910009184,0.0,0.5040404040404041,HS-grad,HS-grad,HS-grad,HS-grad,HS-grad,HS-grad
36,0.0,5th-6th,education,100,1,100_abs,0.9733333333333334,0.05194805194805195,1.0,0.02666666666666667,1.0,0.948051948051948,0.0,2,77,0.02,0.02531645569620253,2,4,73,0,75,4,79,9769,0.05063291139240506,0.07692307692307693,3.1295034079844206,1.1818181818181819,0.3345664436573528,3.290909090909091,1.0080808080808081,HS-grad,HS-grad,HS-grad,HS-grad,HS-grad,HS-grad
37,0.0,7th-8th,education,100,1,100_abs,0.9886363636363636,0.03867403314917127,1.0,0.011363636363636364,1.0,0.9613259668508287,0.0,2,181,0.02,0.01092896174863388,2,7,174,0,176,7,183,9769,0.03825136612021858,0.07692307692307693,1.3509878100042034,1.1818181818181819,0.24907639935264245,1.4023760330578512,1.0080808080808081,HS-grad,HS-grad,HS-grad,HS-grad,HS-grad,HS-grad
38,0.0,9th,education,100,1,100_abs,0.972027972027972,0.05442176870748299,1.0,0.027972027972027972,1.0,0.9455782312925171,0.0,4,147,0.04,0.026490066225165563,4,8,139,0,143,8,151,9769,0.052980132450331126,0.15384615384615385,3.2745797249108506,1.1818181818181819,0.3504981790696077,3.4520025429116337,1.0080808080808081,HS-grad,HS-grad,HS-grad,HS-grad,HS-grad,HS-grad
39,0.0,Assoc-acdm,education,100,1,100_abs,0.9814814814814815,0.2909698996655518,1.0,0.018518518518518517,1.0,0.7090301003344481,0.0,4,299,0.04,0.013201320132013201,4,87,212,0,216,87,303,9769,0.2871287128712871,0.15384615384615385,1.6318862655496318,1.1818181818181819,1.8739637174419783,2.285353535353535,1.0080808080808081,HS-grad,HS-grad,HS-grad,HS-grad,HS-grad,HS-grad
40,0.008333333333333333,Assoc-voc,education,100,1,100_abs,0.986013986013986,0.2967581047381546,0.8,0.013986013986013986,0.9916666666666667,0.7032418952618454,0.2,5,401,0.05,0.012315270935960592,4,119,282,1,286,120,406,9769,0.2955665024630542,0.19230769230769232,1.522356953391436,0.9454545454545455,1.9112420967782566,1.7260012714558168,0.9996801346801347,HS-grad,HS-grad,HS-grad,HS-grad,HS-grad,HS-grad
41,0.010526315789473684,Bachelors,education,100,1,100_abs,0.9886246122026887,0.4076827757125155,0.6111111111111112,0.011375387797311272,0.9894736842105263,0.5923172242874845,0.3888888888888889,18,1614,0.18,0.011029411764705883,11,658,956,7,967,665,1632,9769,0.4074754901960784,0.6923076923076923,1.3634049773755657,0.7222222222222223,2.6256417959020193,1.40382626680455,0.9974694311536416,HS-grad,HS-grad,HS-grad,HS-grad,HS-grad,HS-grad
42,0.02197802197802198,Doctorate,education,100,1,100_abs,0.9705882352941176,0.7295081967213115,0.3333333333333333,0.029411764705882353,0.978021978021978,0.27049180327868855,0.6666666666666666,3,122,0.03,0.024,1,89,33,2,34,91,125,9769,0.728,0.11538461538461538,2.9667692307692306,0.3939393939393939,4.6983275376718,3.6296791443850265,0.9859251859251859,HS-grad,HS-grad,HS-grad,HS-grad,HS-grad,HS-grad
43,0.008016032064128256,HS-grad,education,100,1,100_abs,0.9918968692449356,0.15526976160602257,0.8461538461538461,0.008103130755064457,0.9919839679358717,0.8447302383939774,0.15384615384615385,26,3188,0.26,0.008089607965152458,22,495,2693,4,2715,499,3214,9769,0.1552582451773491,1.0,1.0,1.0,1.0,1.0,1.0,HS-grad,HS-grad,HS-grad,HS-grad,HS-grad,HS-grad
44,0.01444043321299639,Masters,education,100,1,100_abs,0.9852941176470589,0.5759493670886076,0.42857142857142855,0.014705882352941176,0.9855595667870036,0.4240506329113924,0.5714285714285714,7,474,0.07,0.014553014553014554,3,273,201,4,204,277,481,9769,0.5758835758835759,0.2692307692307693,1.7989764912841837,0.5064935064935064,3.7093466308656184,1.8148395721925132,0.9935236844984138,HS-grad,HS-grad,HS-grad,HS-grad,HS-grad,HS-grad
45,0.0,Preschool,education,100,1,100_abs,1.0,0.0,0.0,0.0,0.0,1.0,0.0,0,16,0.0,0.0,0,0,16,0,16,0,16,9769,0.0,0.0,0.0,0.0,0.0,0.0,0.0,HS-grad,HS-grad,HS-grad,HS-grad,HS-grad,HS-grad
46,0.0,Prof-school,education,100,1,100_abs,0.9814814814814815,0.7005649717514124,1.0,0.018518518518518517,1.0,0.2994350282485876,0.0,1,177,0.01,0.0056179775280898875,1,124,53,0,54,124,178,9769,0.6966292134831461,0.038461538461538464,0.6944684528954191,1.1818181818181819,4.511921474633339,2.285353535353535,1.0080808080808081,HS-grad,HS-grad,HS-grad,HS-grad,HS-grad,HS-grad
47,0.0,Some-college,education,100,1,100_abs,0.9910112359550561,0.19488817891373802,1.0,0.008988764044943821,1.0,0.805111821086262,0.0,16,2191,0.16,0.007249660172179429,16,427,1764,0,1780,427,2207,9769,0.19347530584503853,0.6153846153846154,0.8961695305147955,1.1818181818181819,1.255158614903024,1.1092951991828397,1.0080808080808081,HS-grad,HS-grad,HS-grad,HS-grad,HS-grad,HS-grad
48,1.0,10th,education,9769,1,1.0_pct,0.0,0.0,0.9383561643835616,1.0,0.0,0.0,0.06164383561643835,292,0,0.02989046985361859,1.0,274,0,0,18,274,18,292,9769,0.06164383561643835,0.0908525202240199,1.0,1.1108201518706324,1.0,1.0,1.0,HS-grad,HS-grad,HS-grad,HS-grad,HS-grad,HS-grad
49,1.0,11th,education,9769,1,1.0_pct,0.0,0.0,0.9560117302052786,1.0,0.0,0.0,0.04398826979472141,341,0,0.034906336370150476,1.0,326,0,0,15,326,15,341,9769,0.04398826979472141,0.10609831985065338,1.0,1.1317207001398768,1.0,1.0,1.0,HS-grad,HS-grad,HS-grad,HS-grad,HS-grad,HS-grad
50,1.0,12th,education,9769,1,1.0_pct,0.0,0.0,0.9310344827586207,1.0,0.0,0.0,0.06896551724137931,116,0,0.011874296243218344,1.0,108,0,0,8,108,8,116,9769,0.06896551724137931,0.03609209707529558,1.0,1.102152791007811,1.0,1.0,1.0,HS-grad,HS-grad,HS-grad,HS-grad,HS-grad,HS-grad
51,1.0,1st-4th,education,9769,1,1.0_pct,0.0,0.0,0.9555555555555556,1.0,0.0,0.0,0.044444444444444446,45,0,0.004606408025386427,1.0,43,0,0,2,43,2,45,9769,0.044444444444444446,0.014001244555071561,1.0,1.1311806834458769,1.0,1.0,1.0,HS-grad,HS-grad,HS-grad,HS-grad,HS-grad,HS-grad
52,1.0,5th-6th,education,9769,1,1.0_pct,0.0,0.0,0.9493670886075949,1.0,0.0,0.0,0.05063291139240506,79,0,0.008086805200122837,1.0,75,0,0,4,75,4,79,9769,0.05063291139240506,0.024579962663347853,1.0,1.1238548150220296,1.0,1.0,1.0,HS-grad,HS-grad,HS-grad,HS-grad,HS-grad,HS-grad
53,1.0,7th-8th,education,9769,1,1.0_pct,0.0,0.0,0.9617486338797814,1.0,0.0,0.0,0.03825136612021858,183,0,0.0187327259699048,1.0,176,0,0,7,176,7,183,9769,0.03825136612021858,0.05693839452395768,1.0,1.1385120107880726,1.0,1.0,1.0,HS-grad,HS-grad,HS-grad,HS-grad,HS-grad,HS-grad
54,1.0,9th,education,9769,1,1.0_pct,0.0,0.0,0.9470198675496688,1.0,0.0,0.0,0.052980132450331126,151,0,0.01545705804074112,1.0,143,0,0,8,143,8,151,9769,0.052980132450331126,0.046981953951462346,1.0,1.121076189430805,1.0,1.0,1.0,HS-grad,HS-grad,HS-grad,HS-grad,HS-grad,HS-grad
55,1.0,Assoc-acdm,education,9769,1,1.0_pct,0.0,0.0,0.7128712871287128,1.0,0.0,0.0,0.2871287128712871,303,0,0.031016480704268604,1.0,216,0,0,87,216,87,303,9769,0.2871287128712871,0.09427504667081518,1.0,0.8438925660521853,1.0,1.0,1.0,HS-grad,HS-grad,HS-grad,HS-grad,HS-grad,HS-grad
56,1.0,Assoc-voc,education,9769,1,1.0_pct,0.0,0.0,0.7044334975369458,1.0,0.0,0.0,0.2955665024630542,406,0,0.04156003685126421,1.0,286,0,0,120,286,120,406,9769,0.2955665024630542,0.12632233976353455,1.0,0.8339039635667566,1.0,1.0,1.0,HS-grad,HS-grad,HS-grad,HS-grad,HS-grad,HS-grad
57,1.0,Bachelors,education,9769,1,1.0_pct,0.0,0.0,0.5925245098039216,1.0,0.0,0.0,0.4074754901960784,1632,0,0.16705906438734774,1.0,967,0,0,665,967,665,1632,9769,0.4074754901960784,0.507778469197262,1.0,0.7014268046076626,1.0,1.0,1.0,HS-grad,HS-grad,HS-grad,HS-grad,HS-grad,HS-grad
58,1.0,Doctorate,education,9769,1,1.0_pct,0.0,0.0,0.272,1.0,0.0,0.0,0.728,125,0,0.012795577848295629,1.0,34,0,0,91,34,91,125,9769,0.728,0.03889234598630989,1.0,0.32199189686924495,1.0,1.0,1.0,HS-grad,HS-grad,HS-grad,HS-grad,HS-grad,HS-grad
59,1.0,HS-grad,education,9769,1,1.0_pct,0.0,0.0,0.8447417548226509,1.0,0.0,0.0,0.1552582451773491,3214,0,0.32899989763537724,1.0,2715,0,0,499,2715,499,3214,9769,0.1552582451773491,1.0,1.0,1.0,1.0,1.0,1.0,HS-grad,HS-grad,HS-grad,HS-grad,HS-grad,HS-grad
60,1.0,Masters,education,9769,1,1.0_pct,0.0,0.0,0.42411642411642414,1.0,0.0,0.0,0.5758835758835759,481,0,0.04923738356024158,1.0,204,0,0,277,204,277,481,9769,0.5758835758835759,0.14965774735532045,1.0,0.5020663672597374,1.0,1.0,1.0,HS-grad,HS-grad,HS-grad,HS-grad,HS-grad,HS-grad
61,0.0,Preschool,education,9769,1,1.0_pct,0.0,0.0,1.0,1.0,0.0,0.0,0.0,16,0,0.0016378339645818406,1.0,16,0,0,0,16,0,16,9769,0.0,0.004978220286247666,1.0,1.1837937384898711,1.0,1.0,1.0,HS-grad,HS-grad,HS-grad,HS-grad,HS-grad,HS-grad
62,1.0,Prof-school,education,9769,1,1.0_pct,0.0,0.0,0.30337078651685395,1.0,0.0,0.0,0.6966292134831461,178,0,0.018220902855972977,1.0,54,0,0,124,54,124,178,9769,0.6966292134831461,0.05538270068450529,1.0,0.3591284375193991,1.0,1.0,1.0,HS-grad,HS-grad,HS-grad,HS-grad,HS-grad,HS-grad
63,1.0,Some-college,education,9769,1,1.0_pct,0.0,0.0,0.8065246941549615,1.0,0.0,0.0,0.19347530584503853,2207,0,0.22591872248950762,1.0,1780,0,0,427,1780,427,2207,9769,0.19347530584503853,0.6866832607342874,1.0,0.9547588828781017,1.0,1.0,1.0,HS-grad,HS-grad,HS-grad,HS-grad,HS-grad,HS-grad
64,1.0,10th,education,9769,1,2.0_pct,0.0,0.0,0.9383561643835616,1.0,0.0,0.0,0.06164383561643835,292,0,0.02989046985361859,1.0,274,0,0,18,274,18,292,9769,0.06164383561643835,0.0908525202240199,1.0,1.1108201518706324,1.0,1.0,1.0,HS-grad,HS-grad,HS-grad,HS-grad,HS-grad,HS-grad
65,1.0,11th,education,9769,1,2.0_pct,0.0,0.0,0.9560117302052786,1.0,0.0,0.0,0.04398826979472141,341,0,0.034906336370150476,1.0,326,0,0,15,326,15,341,9769,0.04398826979472141,0.10609831985065338,1.0,1.1317207001398768,1.0,1.0,1.0,HS-grad,HS-grad,HS-grad,HS-grad,HS-grad,HS-grad
66,1.0,12th,education,9769,1,2.0_pct,0.0,0.0,0.9310344827586207,1.0,0.0,0.0,0.06896551724137931,116,0,0.011874296243218344,1.0,108,0,0,8,108,8,116,9769,0.06896551724137931,0.03609209707529558,1.0,1.102152791007811,1.0,1.0,1.0,HS-grad,HS-grad,HS-grad,HS-grad,HS-grad,HS-grad
67,1.0,1st-4th,education,9769,1,2.0_pct,0.0,0.0,0.9555555555555556,1.0,0.0,0.0,0.044444444444444446,45,0,0.004606408025386427,1.0,43,0,0,2,43,2,45,9769,0.044444444444444446,0.014001244555071561,1.0,1.1311806834458769,1.0,1.0,1.0,HS-grad,HS-grad,HS-grad,HS-grad,HS-grad,HS-grad
68,1.0,5th-6th,education,9769,1,2.0_pct,0.0,0.0,0.9493670886075949,1.0,0.0,0.0,0.05063291139240506,79,0,0.008086805200122837,1.0,75,0,0,4,75,4,79,9769,0.05063291139240506,0.024579962663347853,1.0,1.1238548150220296,1.0,1.0,1.0,HS-grad,HS-grad,HS-grad,HS-grad,HS-grad,HS-grad
69,1.0,7th-8th,education,9769,1,2.0_pct,0.0,0.0,0.9617486338797814,1.0,0.0,0.0,0.03825136612021858,183,0,0.0187327259699048,1.0,176,0,0,7,176,7,183,9769,0.03825136612021858,0.05693839452395768,1.0,1.1385120107880726,1.0,1.0,1.0,HS-grad,HS-grad,HS-grad,HS-grad,HS-grad,HS-grad
70,1.0,9th,education,9769,1,2.0_pct,0.0,0.0,0.9470198675496688,1.0,0.0,0.0,0.052980132450331126,151,0,0.01545705804074112,1.0,143,0,0,8,143,8,151,9769,0.052980132450331126,0.046981953951462346,1.0,1.121076189430805,1.0,1.0,1.0,HS-grad,HS-grad,HS-grad,HS-grad,HS-grad,HS-grad
71,1.0,Assoc-acdm,education,9769,1,2.0_pct,0.0,0.0,0.7128712871287128,1.0,0.0,0.0,0.2871287128712871,303,0,0.031016480704268604,1.0,216,0,0,87,216,87,303,9769,0.2871287128712871,0.09427504667081518,1.0,0.8438925660521853,1.0,1.0,1.0,HS-grad,HS-grad,HS-grad,HS-grad,HS-grad,HS-grad
72,1.0,Assoc-voc,education,9769,1,2.0_pct,0.0,0.0,0.7044334975369458,1.0,0.0,0.0,0.2955665024630542,406,0,0.04156003685126421,1.0,286,0,0,120,286,120,406,9769,0.2955665024630542,0.12632233976353455,1.0,0.8339039635667566,1.0,1.0,1.0,HS-grad,HS-grad,HS-grad,HS-grad,HS-grad,HS-grad
73,1.0,Bachelors,education,9769,1,2.0_pct,0.0,0.0,0.5925245098039216,1.0,0.0,0.0,0.4074754901960784,1632,0,0.16705906438734774,1.0,967,0,0,665,967,665,1632,9769,0.4074754901960784,0.507778469197262,1.0,0.7014268046076626,1.0,1.0,1.0,HS-grad,HS-grad,HS-grad,HS-grad,HS-grad,HS-grad
74,1.0,Doctorate,education,9769,1,2.0_pct,0.0,0.0,0.272,1.0,0.0,0.0,0.728,125,0,0.012795577848295629,1.0,34,0,0,91,34,91,125,9769,0.728,0.03889234598630989,1.0,0.32199189686924495,1.0,1.0,1.0,HS-grad,HS-grad,HS-grad,HS-grad,HS-grad,HS-grad
75,1.0,HS-grad,education,9769,1,2.0_pct,0.0,0.0,0.8447417548226509,1.0,0.0,0.0,0.1552582451773491,3214,0,0.32899989763537724,1.0,2715,0,0,499,2715,499,3214,9769,0.1552582451773491,1.0,1.0,1.0,1.0,1.0,1.0,HS-grad,HS-grad,HS-grad,HS-grad,HS-grad,HS-grad
76,1.0,Masters,education,9769,1,2.0_pct,0.0,0.0,0.42411642411642414,1.0,0.0,0.0,0.5758835758835759,481,0,0.04923738356024158,1.0,204,0,0,277,204,277,481,9769,0.5758835758835759,0.14965774735532045,1.0,0.5020663672597374,1.0,1.0,1.0,HS-grad,HS-grad,HS-grad,HS-grad,HS-grad,HS-grad
77,0.0,Preschool,education,9769,1,2.0_pct,0.0,0.0,1.0,1.0,0.0,0.0,0.0,16,0,0.0016378339645818406,1.0,16,0,0,0,16,0,16,9769,0.0,0.004978220286247666,1.0,1.1837937384898711,1.0,1.0,1.0,HS-grad,HS-grad,HS-grad,HS-grad,HS-grad,HS-grad
78,1.0,Prof-school,education,9769,1,2.0_pct,0.0,0.0,0.30337078651685395,1.0,0.0,0.0,0.6966292134831461,178,0,0.018220902855972977,1.0,54,0,0,124,54,124,178,9769,0.6966292134831461,0.05538270068450529,1.0,0.3591284375193991,1.0,1.0,1.0,HS-grad,HS-grad,HS-grad,HS-grad,HS-grad,HS-grad
79,1.0,Some-college,education,9769,1,2.0_pct,0.0,0.0,0.8065246941549615,1.0,0.0,0.0,0.19347530584503853,2207,0,0.22591872248950762,1.0,1780,0,0,427,1780,427,2207,9769,0.19347530584503853,0.6866832607342874,1.0,0.9547588828781017,1.0,1.0,1.0,HS-grad,HS-grad,HS-grad,HS-grad,HS-grad,HS-grad
80,1.0,10th,education,9769,1,5.0_pct,0.0,0.0,0.9383561643835616,1.0,0.0,0.0,0.06164383561643835,292,0,0.02989046985361859,1.0,274,0,0,18,274,18,292,9769,0.06164383561643835,0.0908525202240199,1.0,1.1108201518706324,1.0,1.0,1.0,HS-grad,HS-grad,HS-grad,HS-grad,HS-grad,HS-grad
81,1.0,11th,education,9769,1,5.0_pct,0.0,0.0,0.9560117302052786,1.0,0.0,0.0,0.04398826979472141,341,0,0.034906336370150476,1.0,326,0,0,15,326,15,341,9769,0.04398826979472141,0.10609831985065338,1.0,1.1317207001398768,1.0,1.0,1.0,HS-grad,HS-grad,HS-grad,HS-grad,HS-grad,HS-grad
82,1.0,12th,education,9769,1,5.0_pct,0.0,0.0,0.9310344827586207,1.0,0.0,0.0,0.06896551724137931,116,0,0.011874296243218344,1.0,108,0,0,8,108,8,116,9769,0.06896551724137931,0.03609209707529558,1.0,1.102152791007811,1.0,1.0,1.0,HS-grad,HS-grad,HS-grad,HS-grad,HS-grad,HS-grad
83,1.0,1st-4th,education,9769,1,5.0_pct,0.0,0.0,0.9555555555555556,1.0,0.0,0.0,0.044444444444444446,45,0,0.004606408025386427,1.0,43,0,0,2,43,2,45,9769,0.044444444444444446,0.014001244555071561,1.0,1.1311806834458769,1.0,1.0,1.0,HS-grad,HS-grad,HS-grad,HS-grad,HS-grad,HS-grad
84,1.0,5th-6th,education,9769,1,5.0_pct,0.0,0.0,0.9493670886075949,1.0,0.0,0.0,0.05063291139240506,79,0,0.008086805200122837,1.0,75,0,0,4,75,4,79,9769,0.05063291139240506,0.024579962663347853,1.0,1.1238548150220296,1.0,1.0,1.0,HS-grad,HS-grad,HS-grad,HS-grad,HS-grad,HS-grad
85,1.0,7th-8th,education,9769,1,5.0_pct,0.0,0.0,0.9617486338797814,1.0,0.0,0.0,0.03825136612021858,183,0,0.0187327259699048,1.0,176,0,0,7,176,7,183,9769,0.03825136612021858,0.05693839452395768,1.0,1.1385120107880726,1.0,1.0,1.0,HS-grad,HS-grad,HS-grad,HS-grad,HS-grad,HS-grad
86,1.0,9th,education,9769,1,5.0_pct,0.0,0.0,0.9470198675496688,1.0,0.0,0.0,0.052980132450331126,151,0,0.01545705804074112,1.0,143,0,0,8,143,8,151,9769,0.052980132450331126,0.046981953951462346,1.0,1.121076189430805,1.0,1.0,1.0,HS-grad,HS-grad,HS-grad,HS-grad,HS-grad,HS-grad
87,1.0,Assoc-acdm,education,9769,1,5.0_pct,0.0,0.0,0.7128712871287128,1.0,0.0,0.0,0.2871287128712871,303,0,0.031016480704268604,1.0,216,0,0,87,216,87,303,9769,0.2871287128712871,0.09427504667081518,1.0,0.8438925660521853,1.0,1.0,1.0,HS-grad,HS-grad,HS-grad,HS-grad,HS-grad,HS-grad
88,1.0,Assoc-voc,education,9769,1,5.0_pct,0.0,0.0,0.7044334975369458,1.0,0.0,0.0,0.2955665024630542,406,0,0.04156003685126421,1.0,286,0,0,120,286,120,406,9769,0.2955665024630542,0.12632233976353455,1.0,0.8339039635667566,1.0,1.0,1.0,HS-grad,HS-grad,HS-grad,HS-grad,HS-grad,HS-grad
89,1.0,Bachelors,education,9769,1,5.0_pct,0.0,0.0,0.5925245098039216,1.0,0.0,0.0,0.4074754901960784,1632,0,0.16705906438734774,1.0,967,0,0,665,967,665,1632,9769,0.4074754901960784,0.507778469197262,1.0,0.7014268046076626,1.0,1.0,1.0,HS-grad,HS-grad,HS-grad,HS-grad,HS-grad,HS-grad
90,1.0,Doctorate,education,9769,1,5.0_pct,0.0,0.0,0.272,1.0,0.0,0.0,0.728,125,0,0.012795577848295629,1.0,34,0,0,91,34,91,125,9769,0.728,0.03889234598630989,1.0,0.32199189686924495,1.0,1.0,1.0,HS-grad,HS-grad,HS-grad,HS-grad,HS-grad,HS-grad
91,1.0,HS-grad,education,9769,1,5.0_pct,0.0,0.0,0.8447417548226509,1.0,0.0,0.0,0.1552582451773491,3214,0,0.32899989763537724,1.0,2715,0,0,499,2715,499,3214,9769,0.1552582451773491,1.0,1.0,1.0,1.0,1.0,1.0,HS-grad,HS-grad,HS-grad,HS-grad,HS-grad,HS-grad
92,1.0,Masters,education,9769,1,5.0_pct,0.0,0.0,0.42411642411642414,1.0,0.0,0.0,0.5758835758835759,481,0,0.04923738356024158,1.0,204,0,0,277,204,277,481,9769,0.5758835758835759,0.14965774735532045,1.0,0.5020663672597374,1.0,1.0,1.0,HS-grad,HS-grad,HS-grad,HS-grad,HS-grad,HS-grad
93,0.0,Preschool,education,9769,1,5.0_pct,0.0,0.0,1.0,1.0,0.0,0.0,0.0,16,0,0.0016378339645818406,1.0,16,0,0,0,16,0,16,9769,0.0,0.004978220286247666,1.0,1.1837937384898711,1.0,1.0,1.0,HS-grad,HS-grad,HS-grad,HS-grad,HS-grad,HS-grad
94,1.0,Prof-school,education,9769,1,5.0_pct,0.0,0.0,0.30337078651685395,1.0,0.0,0.0,0.6966292134831461,178,0,0.018220902855972977,1.0,54,0,0,124,54,124,178,9769,0.6966292134831461,0.05538270068450529,1.0,0.3591284375193991,1.0,1.0,1.0,HS-grad,HS-grad,HS-grad,HS-grad,HS-grad,HS-grad
95,1.0,Some-college,education,9769,1,5.0_pct,0.0,0.0,0.8065246941549615,1.0,0.0,0.0,0.19347530584503853,2207,0,0.22591872248950762,1.0,1780,0,0,427,1780,427,2207,9769,0.19347530584503853,0.6866832607342874,1.0,0.9547588828781017,1.0,1.0,1.0,HS-grad,HS-grad,HS-grad,HS-grad,HS-grad,HS-grad
96,1.0,10th,education,9769,1,10.0_pct,0.0,0.0,0.9383561643835616,1.0,0.0,0.0,0.06164383561643835,292,0,0.02989046985361859,1.0,274,0,0,18,274,18,292,9769,0.06164383561643835,0.0908525202240199,1.0,1.1108201518706324,1.0,1.0,1.0,HS-grad,HS-grad,HS-grad,HS-grad,HS-grad,HS-grad
97,1.0,11th,education,9769,1,10.0_pct,0.0,0.0,0.9560117302052786,1.0,0.0,0.0,0.04398826979472141,341,0,0.034906336370150476,1.0,326,0,0,15,326,15,341,9769,0.04398826979472141,0.10609831985065338,1.0,1.1317207001398768,1.0,1.0,1.0,HS-grad,HS-grad,HS-grad,HS-grad,HS-grad,HS-grad
98,1.0,12th,education,9769,1,10.0_pct,0.0,0.0,0.9310344827586207,1.0,0.0,0.0,0.06896551724137931,116,0,0.011874296243218344,1.0,108,0,0,8,108,8,116,9769,0.06896551724137931,0.03609209707529558,1.0,1.102152791007811,1.0,1.0,1.0,HS-grad,HS-grad,HS-grad,HS-grad,HS-grad,HS-grad
99,1.0,1st-4th,education,9769,1,10.0_pct,0.0,0.0,0.9555555555555556,1.0,0.0,0.0,0.044444444444444446,45,0,0.004606408025386427,1.0,43,0,0,2,43,2,45,9769,0.044444444444444446,0.014001244555071561,1.0,1.1311806834458769,1.0,1.0,1.0,HS-grad,HS-grad,HS-grad,HS-grad,HS-grad,HS-grad
100,1.0,5th-6th,education,9769,1,10.0_pct,0.0,0.0,0.9493670886075949,1.0,0.0,0.0,0.05063291139240506,79,0,0.008086805200122837,1.0,75,0,0,4,75,4,79,9769,0.05063291139240506,0.024579962663347853,1.0,1.1238548150220296,1.0,1.0,1.0,HS-grad,HS-grad,HS-grad,HS-grad,HS-grad,HS-grad
101,1.0,7th-8th,education,9769,1,10.0_pct,0.0,0.0,0.9617486338797814,1.0,0.0,0.0,0.03825136612021858,183,0,0.0187327259699048,1.0,176,0,0,7,176,7,183,9769,0.03825136612021858,0.05693839452395768,1.0,1.1385120107880726,1.0,1.0,1.0,HS-grad,HS-grad,HS-grad,HS-grad,HS-grad,HS-grad
102,1.0,9th,education,9769,1,10.0_pct,0.0,0.0,0.9470198675496688,1.0,0.0,0.0,0.052980132450331126,151,0,0.01545705804074112,1.0,143,0,0,8,143,8,151,9769,0.052980132450331126,0.046981953951462346,1.0,1.121076189430805,1.0,1.0,1.0,HS-grad,HS-grad,HS-grad,HS-grad,HS-grad,HS-grad
103,1.0,Assoc-acdm,education,9769,1,10.0_pct,0.0,0.0,0.7128712871287128,1.0,0.0,0.0,0.2871287128712871,303,0,0.031016480704268604,1.0,216,0,0,87,216,87,303,9769,0.2871287128712871,0.09427504667081518,1.0,0.8438925660521853,1.0,1.0,1.0,HS-grad,HS-grad,HS-grad,HS-grad,HS-grad,HS-grad
104,1.0,Assoc-voc,education,9769,1,10.0_pct,0.0,0.0,0.7044334975369458,1.0,0.0,0.0,0.2955665024630542,406,0,0.04156003685126421,1.0,286,0,0,120,286,120,406,9769,0.2955665024630542,0.12632233976353455,1.0,0.8339039635667566,1.0,1.0,1.0,HS-grad,HS-grad,HS-grad,HS-grad,HS-grad,HS-grad
105,1.0,Bachelors,education,9769,1,10.0_pct,0.0,0.0,0.5925245098039216,1.0,0.0,0.0,0.4074754901960784,1632,0,0.16705906438734774,1.0,967,0,0,665,967,665,1632,9769,0.4074754901960784,0.507778469197262,1.0,0.7014268046076626,1.0,1.0,1.0,HS-grad,HS-grad,HS-grad,HS-grad,HS-grad,HS-grad
106,1.0,Doctorate,education,9769,1,10.0_pct,0.0,0.0,0.272,1.0,0.0,0.0,0.728,125,0,0.012795577848295629,1.0,34,0,0,91,34,91,125,9769,0.728,0.03889234598630989,1.0,0.32199189686924495,1.0,1.0,1.0,HS-grad,HS-grad,HS-grad,HS-grad,HS-grad,HS-grad
107,1.0,HS-grad,education,9769,1,10.0_pct,0.0,0.0,0.8447417548226509,1.0,0.0,0.0,0.1552582451773491,3214,0,0.32899989763537724,1.0,2715,0,0,499,2715,499,3214,9769,0.1552582451773491,1.0,1.0,1.0,1.0,1.0,1.0,HS-grad,HS-grad,HS-grad,HS-grad,HS-grad,HS-grad
108,1.0,Masters,education,9769,1,10.0_pct,0.0,0.0,0.42411642411642414,1.0,0.0,0.0,0.5758835758835759,481,0,0.04923738356024158,1.0,204,0,0,277,204,277,481,9769,0.5758835758835759,0.14965774735532045,1.0,0.5020663672597374,1.0,1.0,1.0,HS-grad,HS-grad,HS-grad,HS-grad,HS-grad,HS-grad
109,0.0,Preschool,education,9769,1,10.0_pct,0.0,0.0,1.0,1.0,0.0,0.0,0.0,16,0,0.0016378339645818406,1.0,16,0,0,0,16,0,16,9769,0.0,0.004978220286247666,1.0,1.1837937384898711,1.0,1.0,1.0,HS-grad,HS-grad,HS-grad,HS-grad,HS-grad,HS-grad
110,1.0,Prof-school,education,9769,1,10.0_pct,0.0,0.0,0.30337078651685395,1.0,0.0,0.0,0.6966292134831461,178,0,0.018220902855972977,1.0,54,0,0,124,54,124,178,9769,0.6966292134831461,0.05538270068450529,1.0,0.3591284375193991,1.0,1.0,1.0,HS-grad,HS-grad,HS-grad,HS-grad,HS-grad,HS-grad
111,1.0,Some-college,education,9769,1,10.0_pct,0.0,0.0,0.8065246941549615,1.0,0.0,0.0,0.19347530584503853,2207,0,0.22591872248950762,1.0,1780,0,0,427,1780,427,2207,9769,0.19347530584503853,0.6866832607342874,1.0,0.9547588828781017,1.0,1.0,1.0,HS-grad,HS-grad,HS-grad,HS-grad,HS-grad,HS-grad
112,0.0,Female,gender,10,1,10_abs,0.9985920450545582,0.11205007824726135,1.0,0.0014079549454417458,1.0,0.8879499217527387,0.0,4,3195,0.4,0.0012503907471084713,4,358,2837,0,2841,358,3199,9769,0.11190997186620819,0.6666666666666667,1.369177868083776,2.0,0.36941070497992134,2.1476006101138094,1.0015067805123055,Male,Male,Male,Male,Male,Male
113,0.0015045135406218655,Male,gender,10,1,10_abs,0.9993444055944056,0.3033211456429007,0.5,0.0006555944055944056,0.9984954864593781,0.6966788543570993,0.5,6,6564,0.6,0.0009132420091324201,3,1991,4573,3,4576,1994,6570,9769,0.3035007610350076,1.0,1.0,1.0,1.0,1.0,1.0,Male,Male,Male,Male,Male,Male
114,0.002793296089385475,Female,gender,50,1,50_abs,0.9947201689545935,0.11215834118755891,0.9375,0.005279831045406547,0.9972067039106145,0.8878416588124411,0.0625,16,3183,0.32,0.005001562988433885,15,357,2826,1,2841,358,3199,9769,0.11190997186620819,0.47058823529411764,0.9664784951179596,1.275,0.3693032332503199,0.9664202745512144,1.0017280441298566,Male,Male,Male,Male,Male,Male
115,0.004513540621865597,Male,gender,50,1,50_abs,0.9945367132867133,0.303702570379437,0.7352941176470589,0.005463286713286713,0.9954864593781344,0.6962974296205631,0.2647058823529412,34,6536,0.68,0.005175038051750381,25,1985,4551,9,4576,1994,6570,9769,0.3035007610350076,1.0,1.0,1.0,1.0,1.0,1.0,Male,Male,Male,Male,Male,Male
116,0.002793296089385475,Female,gender,100,1,100_abs,0.991200281590989,0.1125118184683265,0.9615384615384616,0.008799718409010912,0.9972067039106145,0.8874881815316735,0.038461538461538464,26,3173,0.26,0.008127539856205065,25,357,2816,1,2841,358,3199,9769,0.11190997186620819,0.35135135135135137,0.7215937412873956,1.2937062937062938,0.37006418874442987,0.7321365716297078,1.006800084859628,Male,Male,Male,Male,Male,Male
117,0.009528585757271816,Male,gender,100,1,100_abs,0.9879807692307693,0.3040332512315271,0.7432432432432432,0.01201923076923077,0.9904714142427282,0.6959667487684729,0.25675675675675674,74,6496,0.74,0.011263318112633182,55,1975,4521,19,4576,1994,6570,9769,0.3035007610350076,1.0,1.0,1.0,1.0,1.0,1.0,Male,Male,Male,Male,Male,Male
118,1.0,Female,gender,9769,1,1.0_pct,0.0,0.0,0.8880900281337918,1.0,0.0,0.0,0.11190997186620819,3199,0,0.32746442829358174,1.0,2841,0,0,358,2841,358,3199,9769,0.11190997186620819,0.48691019786910195,1.0,1.2750768104980357,1.0,1.0,1.0,Male,Male,Male,Male,Male,Male
119,1.0,Male,gender,9769,1,1.0_pct,0.0,0.0,0.6964992389649924,1.0,0.0,0.0,0.3035007610350076,6570,0,0.6725355717064183,1.0,4576,0,0,1994,4576,1994,6570,9769,0.3035007610350076,1.0,1.0,1.0,1.0,1.0,1.0,Male,Male,Male,Male,Male,Male
120,1.0,Female,gender,9769,1,2.0_pct,0.0,0.0,0.8880900281337918,1.0,0.0,0.0,0.11190997186620819,3199,0,0.32746442829358174,1.0,2841,0,0,358,2841,358,3199,9769,0.11190997186620819,0.48691019786910195,1.0,1.2750768104980357,1.0,1.0,1.0,Male,Male,Male,Male,Male,Male
121,1.0,Male,gender,9769,1,2.0_pct,0.0,0.0,0.6964992389649924,1.0,0.0,0.0,0.3035007610350076,6570,0,0.6725355717064183,1.0,4576,0,0,1994,4576,1994,6570,9769,0.3035007610350076,1.0,1.0,1.0,1.0,1.0,1.0,Male,Male,Male,Male,Male,Male
122,1.0,Female,gender,9769,1,5.0_pct,0.0,0.0,0.8880900281337918,1.0,0.0,0.0,0.11190997186620819,3199,0,0.32746442829358174,1.0,2841,0,0,358,2841,358,3199,9769,0.11190997186620819,0.48691019786910195,1.0,1.2750768104980357,1.0,1.0,1.0,Male,Male,Male,Male,Male,Male
123,1.0,Male,gender,9769,1,5.0_pct,0.0,0.0,0.6964992389649924,1.0,0.0,0.0,0.3035007610350076,6570,0,0.6725355717064183,1.0,4576,0,0,1994,4576,1994,6570,9769,0.3035007610350076,1.0,1.0,1.0,1.0,1.0,1.0,Male,Male,Male,Male,Male,Male
124,1.0,Female,gender,9769,1,10.0_pct,0.0,0.0,0.8880900281337918,1.0,0.0,0.0,0.11190997186620819,3199,0,0.32746442829358174,1.0,2841,0,0,358,2841,358,3199,9769,0.11190997186620819,0.48691019786910195,1.0,1.2750768104980357,1.0,1.0,1.0,Male,Male,Male,Male,Male,Male
125,1.0,Male,gender,9769,1,10.0_pct,0.0,0.0,0.6964992389649924,1.0,0.0,0.0,0.3035007610350076,6570,0,0.6725355717064183,1.0,4576,0,0,1994,4576,1994,6570,9769,0.3035007610350076,1.0,1.0,1.0,1.0,1.0,1.0,Male,Male,Male,Male,Male,Male
126,0.0,Amer-Indian-Eskimo,race,10,1,10_abs,1.0,0.1,0.0,0.0,1.0,0.9,0.0,0,100,0.0,0.0,0,10,90,0,90,10,100,9769,0.1,0.0,0.0,0.0,0.39245283018867927,0.0,1.0014150943396227,White,White,White,White,White,White
127,0.0,Asian-Pac-Islander,race,10,1,10_abs,1.0,0.2706270627062706,0.0,0.0,1.0,0.7293729372937293,0.0,0,303,0.0,0.0,0,82,221,0,221,82,303,9769,0.2706270627062706,0.0,0.0,0.0,1.0620835668472508,0.0,1.0014150943396227,White,White,White,White,White,White
128,0.0,Black,race,10,1,10_abs,0.9952267303102625,0.13395638629283488,1.0,0.00477326968973747,1.0,0.8660436137071651,0.0,4,963,0.4,0.004136504653567736,4,129,834,0,838,129,967,9769,0.13340227507755947,0.6666666666666667,5.740089624267494,2.0,0.5257156292247105,9.86953062848051,1.0014150943396227,White,White,White,White,White,White
129,0.0,Other,race,10,1,10_abs,1.0,0.1095890410958904,0.0,0.0,1.0,0.8904109589041096,0.0,0,73,0.0,0.0,0,8,65,0,65,8,73,9769,0.1095890410958904,0.0,0.0,0.0,0.4300852933574567,0.0,1.0014150943396227,White,White,White,White,White,White
130,0.001413094677343382,White,race,10,1,10_abs,0.999516363050137,0.2548076923076923,0.5,0.00048363694986296955,0.9985869053226566,0.7451923076923077,0.5,6,8320,0.6,0.000720634158059092,3,2120,6200,3,6203,2123,8326,9769,0.2549843862599087,1.0,1.0,1.0,1.0,1.0,1.0,White,White,White,White,White,White
131,0.0,Amer-Indian-Eskimo,race,50,1,50_abs,1.0,0.1,0.0,0.0,1.0,0.9,0.0,0,100,0.0,0.0,0,10,90,0,90,10,100,9769,0.1,0.0,0.0,0.0,0.39210028382213813,0.0,1.0042573320719015,White,White,White,White,White,White
132,0.0,Asian-Pac-Islander,race,50,1,50_abs,1.0,0.2706270627062706,0.0,0.0,1.0,0.7293729372937293,0.0,0,303,0.0,0.0,0,82,221,0,221,82,303,9769,0.2706270627062706,0.0,0.0,0.0,1.0611294809708027,0.0,1.0042573320719015,White,White,White,White,White,White
133,0.007751937984496124,Black,race,50,1,50_abs,0.9856801909307876,0.13417190775681342,0.9230769230769231,0.014319809069212411,0.9922480620155039,0.8658280922431866,0.07692307692307693,13,954,0.26,0.01344364012409514,12,128,826,1,838,129,967,9769,0.13340227507755947,0.35135135135135137,3.025182369546382,1.2197802197802199,0.5260884311240428,3.1723491305830214,0.9964723915132047,White,White,White,White,White,White
134,0.0,Other,race,50,1,50_abs,1.0,0.1095890410958904,0.0,0.0,1.0,0.8904109589041096,0.0,0,73,0.0,0.0,0,8,65,0,65,8,73,9769,0.1095890410958904,0.0,0.0,0.0,0.42969894117494584,0.0,1.0042573320719015,White,White,White,White,White,White
135,0.004239284032030146,White,race,50,1,50_abs,0.9954860551346123,0.25503679575340815,0.7567567567567568,0.004513944865387715,0.9957607159679699,0.7449632042465919,0.24324324324324326,37,8289,0.74,0.0044439106413644005,28,2114,6175,9,6203,2123,8326,9769,0.2549843862599087,1.0,1.0,1.0,1.0,1.0,1.0,White,White,White,White,White,White
136,0.0,Amer-Indian-Eskimo,race,100,1,100_abs,0.9888888888888889,0.10101010101010101,1.0,0.011111111111111112,1.0,0.898989898989899,0.0,1,99,0.01,0.01,1,10,89,0,90,10,100,9769,0.1,0.013513513513513514,1.1251351351351353,1.2758620689655173,0.395602920519864,1.188314176245211,1.007593735168486,White,White,White,White,White,White
137,0.012195121951219513,Asian-Pac-Islander,race,100,1,100_abs,1.0,0.2682119205298013,0.0,0.0,0.9878048780487805,0.7317880794701986,1.0,1,302,0.01,0.0033003300330033004,0,81,221,1,221,82,303,9769,0.2706270627062706,0.013513513513513514,0.37133172776737133,0.0,1.0504436488903277,0.0,0.9953060066908215,White,White,White,White,White,White
138,0.023255813953488372,Black,race,100,1,100_abs,0.9749403341288783,0.13361611876988336,0.875,0.025059665871121718,0.9767441860465116,0.8663838812301167,0.125,24,943,0.24,0.02481902792140641,21,126,817,3,838,129,967,9769,0.13340227507755947,0.32432432432432434,2.7924760334274294,1.1163793103448276,0.5233033754575593,2.6800880585960005,0.9841613227227072,White,White,White,White,White,White
139,0.0,Other,race,100,1,100_abs,1.0,0.1095890410958904,0.0,0.0,1.0,0.8904109589041096,0.0,0,73,0.0,0.0,0,8,65,0,65,8,73,9769,0.1095890410958904,0.0,0.0,0.0,0.4292020726736059,0.0,1.007593735168486,White,White,White,White,White,White
140,0.007536504945831371,White,race,100,1,100_abs,0.9906496856359825,0.25533204071740184,0.7837837837837838,0.00935031436401741,0.9924634950541686,0.7446679592825982,0.21621621621621623,74,8252,0.74,0.008887821282728801,58,2107,6145,16,6203,2123,8326,9769,0.2549843862599087,1.0,1.0,1.0,1.0,1.0,1.0,White,White,White,White,White,White
141,1.0,Amer-Indian-Eskimo,race,9769,1,1.0_pct,0.0,0.0,0.9,1.0,0.0,0.0,0.1,100,0,0.010236462278636503,1.0,90,0,0,10,90,10,100,9769,0.1,0.012010569300984866,1.0,1.2080283733677253,1.0,1.0,1.0,White,White,White,White,White,White
142,1.0,Asian-Pac-Islander,race,9769,1,1.0_pct,0.0,0.0,0.7293729372937293,1.0,0.0,0.0,0.2706270627062706,303,0,0.031016480704268604,1.0,221,0,0,82,221,82,303,9769,0.2706270627062706,0.03639202498198415,1.0,0.9790035589082041,1.0,1.0,1.0,White,White,White,White,White,White
143,1.0,Black,race,9769,1,1.0_pct,0.0,0.0,0.8665977249224406,1.0,0.0,0.0,0.13340227507755947,967,0,0.09898659023441499,1.0,838,0,0,129,838,129,967,9769,0.13340227507755947,0.11614220514052366,1.0,1.1631940444469193,1.0,1.0,1.0,White,White,White,White,White,White
144,1.0,Other,race,9769,1,1.0_pct,0.0,0.0,0.8904109589041096,1.0,0.0,0.0,0.1095890410958904,73,0,0.007472617463404647,1.0,65,0,0,8,65,8,73,9769,0.1095890410958904,0.008767715589718953,1.0,1.1951574470152533,1.0,1.0,1.0,White,White,White,White,White,White
145,1.0,White,race,9769,1,1.0_pct,0.0,0.0,0.7450156137400913,1.0,0.0,0.0,0.2549843862599087,8326,0,0.8522878493192753,1.0,6203,0,0,2123,6203,2123,8326,9769,0.2549843862599087,1.0,1.0,1.0,1.0,1.0,1.0,White,White,White,White,White,White
146,1.0,Amer-Indian-Eskimo,race,9769,1,2.0_pct,0.0,0.0,0.9,1.0,0.0,0.0,0.1,100,0,0.010236462278636503,1.0,90,0,0,10,90,10,100,9769,0.1,0.012010569300984866,1.0,1.2080283733677253,1.0,1.0,1.0,White,White,White,White,White,White
147,1.0,Asian-Pac-Islander,race,9769,1,2.0_pct,0.0,0.0,0.7293729372937293,1.0,0.0,0.0,0.2706270627062706,303,0,0.031016480704268604,1.0,221,0,0,82,221,82,303,9769,0.2706270627062706,0.03639202498198415,1.0,0.9790035589082041,1.0,1.0,1.0,White,White,White,White,White,White
148,1.0,Black,race,9769,1,2.0_pct,0.0,0.0,0.8665977249224406,1.0,0.0,0.0,0.13340227507755947,967,0,0.09898659023441499,1.0,838,0,0,129,838,129,967,9769,0.13340227507755947,0.11614220514052366,1.0,1.1631940444469193,1.0,1.0,1.0,White,White,White,White,White,White
149,1.0,Other,race,9769,1,2.0_pct,0.0,0.0,0.8904109589041096,1.0,0.0,0.0,0.1095890410958904,73,0,0.007472617463404647,1.0,65,0,0,8,65,8,73,9769,0.1095890410958904,0.008767715589718953,1.0,1.1951574470152533,1.0,1.0,1.0,White,White,White,White,White,White
150,1.0,White,race,9769,1,2.0_pct,0.0,0.0,0.7450156137400913,1.0,0.0,0.0,0.2549843862599087,8326,0,0.8522878493192753,1.0,6203,0,0,2123,6203,2123,8326,9769,0.2549843862599087,1.0,1.0,1.0,1.0,1.0,1.0,White,White,White,White,White,White
151,1.0,Amer-Indian-Eskimo,race,9769,1,5.0_pct,0.0,0.0,0.9,1.0,0.0,0.0,0.1,100,0,0.010236462278636503,1.0,90,0,0,10,90,10,100,9769,0.1,0.012010569300984866,1.0,1.2080283733677253,1.0,1.0,1.0,White,White,White,White,White,White
152,1.0,Asian-Pac-Islander,race,9769,1,5.0_pct,0.0,0.0,0.7293729372937293,1.0,0.0,0.0,0.2706270627062706,303,0,0.031016480704268604,1.0,221,0,0,82,221,82,303,9769,0.2706270627062706,0.03639202498198415,1.0,0.9790035589082041,1.0,1.0,1.0,White,White,White,White,White,White
153,1.0,Black,race,9769,1,5.0_pct,0.0,0.0,0.8665977249224406,1.0,0.0,0.0,0.13340227507755947,967,0,0.09898659023441499,1.0,838,0,0,129,838,129,967,9769,0.13340227507755947,0.11614220514052366,1.0,1.1631940444469193,1.0,1.0,1.0,White,White,White,White,White,White
154,1.0,Other,race,9769,1,5.0_pct,0.0,0.0,0.8904109589041096,1.0,0.0,0.0,0.1095890410958904,73,0,0.007472617463404647,1.0,65,0,0,8,65,8,73,9769,0.1095890410958904,0.008767715589718953,1.0,1.1951574470152533,1.0,1.0,1.0,White,White,White,White,White,White
155,1.0,White,race,9769,1,5.0_pct,0.0,0.0,0.7450156137400913,1.0,0.0,0.0,0.2549843862599087,8326,0,0.8522878493192753,1.0,6203,0,0,2123,6203,2123,8326,9769,0.2549843862599087,1.0,1.0,1.0,1.0,1.0,1.0,White,White,White,White,White,White
156,1.0,Amer-Indian-Eskimo,race,9769,1,10.0_pct,0.0,0.0,0.9,1.0,0.0,0.0,0.1,100,0,0.010236462278636503,1.0,90,0,0,10,90,10,100,9769,0.1,0.012010569300984866,1.0,1.2080283733677253,1.0,1.0,1.0,White,White,White,White,White,White
157,1.0,Asian-Pac-Islander,race,9769,1,10.0_pct,0.0,0.0,0.7293729372937293,1.0,0.0,0.0,0.2706270627062706,303,0,0.031016480704268604,1.0,221,0,0,82,221,82,303,9769,0.2706270627062706,0.03639202498198415,1.0,0.9790035589082041,1.0,1.0,1.0,White,White,White,White,White,White
158,1.0,Black,race,9769,1,10.0_pct,0.0,0.0,0.8665977249224406,1.0,0.0,0.0,0.13340227507755947,967,0,0.09898659023441499,1.0,838,0,0,129,838,129,967,9769,0.13340227507755947,0.11614220514052366,1.0,1.1631940444469193,1.0,1.0,1.0,White,White,White,White,White,White
159,1.0,Other,race,9769,1,10.0_pct,0.0,0.0,0.8904109589041096,1.0,0.0,0.0,0.1095890410958904,73,0,0.007472617463404647,1.0,65,0,0,8,65,8,73,9769,0.1095890410958904,0.008767715589718953,1.0,1.1951574470152533,1.0,1.0,1.0,White,White,White,White,White,White
160,1.0,White,race,9769,1,10.0_pct,0.0,0.0,0.7450156137400913,1.0,0.0,0.0,0.2549843862599087,8326,0,0.8522878493192753,1.0,6203,0,0,2123,6203,2123,8326,9769,0.2549843862599087,1.0,1.0,1.0,1.0,1.0,1.0,White,White,White,White,White,White
