,TPR,group_value,group_variable,k,model_id,parameter,TNR,FOmR,FDR,FPR,FNR,NPV,Precision,PP,PN,PPR,PPrev,FP,FN,TN,TP,group_label_neg,group_label_pos,group_size,total_entities,Prev
0,0.0, 10th,education,10,1,10_abs,1.0,0.06164383561643835,0.0,0.0,1.0,0.9383561643835616,0.0,0,292,0.0,0.0,0,18,274,0,274,18,292,9769,0.06164383561643835
1,0.0, 10th,education,50,1,50_abs,1.0,0.06164383561643835,0.0,0.0,1.0,0.9383561643835616,0.0,0,292,0.0,0.0,0,18,274,0,274,18,292,9769,0.06164383561643835
2,0.0, 10th,education,100,1,100_abs,0.9927007299270073,0.06206896551724138,1.0,0.0072992700729927005,1.0,0.9379310344827586,0.0,2,290,0.02,0.00684931506849315,2,18,272,0,274,18,292,9769,0.06164383561643835
3,1.0, 10th,education,9769,1,1.0_pct,0.0,0.0,0.9383561643835616,1.0,0.0,0.0,0.06164383561643835,292,0,0.02989046985361859,1.0,274,0,0,18,274,18,292,9769,0.06164383561643835
4,1.0, 10th,education,9769,1,2.0_pct,0.0,0.0,0.9383561643835616,1.0,0.0,0.0,0.06164383561643835,292,0,0.02989046985361859,1.0,274,0,0,18,274,18,292,9769,0.06164383561643835
5,1.0, 10th,education,9769,1,5.0_pct,0.0,0.0,0.9383561643835616,1.0,0.0,0.0,0.06164383561643835,292,0,0.02989046985361859,1.0,274,0,0,18,274,18,292,9769,0.06164383561643835
6,1.0, 10th,education,9769,1,10.0_pct,0.0,0.0,0.9383561643835616,1.0,0.0,0.0,0.06164383561643835,292,0,0.02989046985361859,1.0,274,0,0,18,274,18,292,9769,0.06164383561643835
7,0.0, 11th,education,10,1,10_abs,1.0,0.04398826979472141,0.0,0.0,1.0,0.9560117302052786,0.0,0,341,0.0,0.0,0,15,326,0,326,15,341,9769,0.04398826979472141
8,0.0, 11th,education,50,1,50_abs,0.99079754601227,0.04437869822485207,1.0,0.009202453987730062,1.0,0.9556213017751479,0.0,3,338,0.06,0.008797653958944282,3,15,323,0,326,15,341,9769,0.04398826979472141
9,0.0, 11th,education,100,1,100_abs,0.9815950920245399,0.04477611940298507,1.0,0.018404907975460124,1.0,0.9552238805970149,0.0,6,335,0.06,0.017595307917888565,6,15,320,0,326,15,341,9769,0.04398826979472141
10,1.0, 11th,education,9769,1,1.0_pct,0.0,0.0,0.9560117302052786,1.0,0.0,0.0,0.04398826979472141,341,0,0.034906336370150476,1.0,326,0,0,15,326,15,341,9769,0.04398826979472141
11,1.0, 11th,education,9769,1,2.0_pct,0.0,0.0,0.9560117302052786,1.0,0.0,0.0,0.04398826979472141,341,0,0.034906336370150476,1.0,326,0,0,15,326,15,341,9769,0.04398826979472141
12,1.0, 11th,education,9769,1,5.0_pct,0.0,0.0,0.9560117302052786,1.0,0.0,0.0,0.04398826979472141,341,0,0.034906336370150476,1.0,326,0,0,15,326,15,341,9769,0.04398826979472141
13,1.0, 11th,education,9769,1,10.0_pct,0.0,0.0,0.9560117302052786,1.0,0.0,0.0,0.04398826979472141,341,0,0.034906336370150476,1.0,326,0,0,15,326,15,341,9769,0.04398826979472141
14,0.0, 12th,education,10,1,10_abs,1.0,0.06896551724137931,0.0,0.0,1.0,0.9310344827586207,0.0,0,116,0.0,0.0,0,8,108,0,108,8,116,9769,0.06896551724137931
15,0.0, 12th,education,50,1,50_abs,1.0,0.06896551724137931,0.0,0.0,1.0,0.9310344827586207,0.0,0,116,0.0,0.0,0,8,108,0,108,8,116,9769,0.06896551724137931
16,0.0, 12th,education,100,1,100_abs,0.9907407407407407,0.06956521739130435,1.0,0.009259259259259259,1.0,0.9304347826086956,0.0,1,115,0.01,0.008620689655172414,1,8,107,0,108,8,116,9769,0.06896551724137931
17,1.0, 12th,education,9769,1,1.0_pct,0.0,0.0,0.9310344827586207,1.0,0.0,0.0,0.06896551724137931,116,0,0.011874296243218344,1.0,108,0,0,8,108,8,116,9769,0.06896551724137931
18,1.0, 12th,education,9769,1,2.0_pct,0.0,0.0,0.9310344827586207,1.0,0.0,0.0,0.06896551724137931,116,0,0.011874296243218344,1.0,108,0,0,8,108,8,116,9769,0.06896551724137931
19,1.0, 12th,education,9769,1,5.0_pct,0.0,0.0,0.9310344827586207,1.0,0.0,0.0,0.06896551724137931,116,0,0.011874296243218344,1.0,108,0,0,8,108,8,116,9769,0.06896551724137931
20,1.0, 12th,education,9769,1,10.0_pct,0.0,0.0,0.9310344827586207,1.0,0.0,0.0,0.06896551724137931,116,0,0.011874296243218344,1.0,108,0,0,8,108,8,116,9769,0.06896551724137931
21,0.0, 1st-4th,education,10,1,10_abs,1.0,0.044444444444444446,0.0,0.0,1.0,0.9555555555555556,0.0,0,45,0.0,0.0,0,2,43,0,43,2,45,9769,0.044444444444444446
22,0.0, 1st-4th,education,50,1,50_abs,1.0,0.044444444444444446,0.0,0.0,1.0,0.9555555555555556,0.0,0,45,0.0,0.0,0,2,43,0,43,2,45,9769,0.044444444444444446
23,0.0, 1st-4th,education,100,1,100_abs,0.9767441860465116,0.045454545454545456,1.0,0.023255813953488372,1.0,0.9545454545454546,0.0,1,44,0.01,0.022222222222222223,1,2,42,0,43,2,45,9769,0.044444444444444446
24,1.0, 1st-4th,education,9769,1,1.0_pct,0.0,0.0,0.9555555555555556,1.0,0.0,0.0,0.044444444444444446,45,0,0.004606408025386427,1.0,43,0,0,2,43,2,45,9769,0.044444444444444446
25,1.0, 1st-4th,education,9769,1,2.0_pct,0.0,0.0,0.9555555555555556,1.0,0.0,0.0,0.044444444444444446,45,0,0.004606408025386427,1.0,43,0,0,2,43,2,45,9769,0.044444444444444446
26,1.0, 1st-4th,education,9769,1,5.0_pct,0.0,0.0,0.9555555555555556,1.0,0.0,0.0,0.044444444444444446,45,0,0.004606408025386427,1.0,43,0,0,2,43,2,45,9769,0.044444444444444446
27,1.0, 1st-4th,education,9769,1,10.0_pct,0.0,0.0,0.9555555555555556,1.0,0.0,0.0,0.044444444444444446,45,0,0.004606408025386427,1.0,43,0,0,2,43,2,45,9769,0.044444444444444446
28,0.0, 5th-6th,education,10,1,10_abs,1.0,0.05063291139240506,0.0,0.0,1.0,0.9493670886075949,0.0,0,79,0.0,0.0,0,4,75,0,75,4,79,9769,0.05063291139240506
29,0.0, 5th-6th,education,50,1,50_abs,1.0,0.05063291139240506,0.0,0.0,1.0,0.9493670886075949,0.0,0,79,0.0,0.0,0,4,75,0,75,4,79,9769,0.05063291139240506
30,0.25, 5th-6th,education,100,1,100_abs,1.0,0.038461538461538464,0.0,0.0,0.75,0.9615384615384616,1.0,1,78,0.01,0.012658227848101266,0,3,75,1,75,4,79,9769,0.05063291139240506
31,1.0, 5th-6th,education,9769,1,1.0_pct,0.0,0.0,0.9493670886075949,1.0,0.0,0.0,0.05063291139240506,79,0,0.008086805200122837,1.0,75,0,0,4,75,4,79,9769,0.05063291139240506
32,1.0, 5th-6th,education,9769,1,2.0_pct,0.0,0.0,0.9493670886075949,1.0,0.0,0.0,0.05063291139240506,79,0,0.008086805200122837,1.0,75,0,0,4,75,4,79,9769,0.05063291139240506
33,1.0, 5th-6th,education,9769,1,5.0_pct,0.0,0.0,0.9493670886075949,1.0,0.0,0.0,0.05063291139240506,79,0,0.008086805200122837,1.0,75,0,0,4,75,4,79,9769,0.05063291139240506
34,1.0, 5th-6th,education,9769,1,10.0_pct,0.0,0.0,0.9493670886075949,1.0,0.0,0.0,0.05063291139240506,79,0,0.008086805200122837,1.0,75,0,0,4,75,4,79,9769,0.05063291139240506
35,0.0, 7th-8th,education,10,1,10_abs,1.0,0.03825136612021858,0.0,0.0,1.0,0.9617486338797814,0.0,0,183,0.0,0.0,0,7,176,0,176,7,183,9769,0.03825136612021858
36,0.0, 7th-8th,education,50,1,50_abs,0.9943181818181818,0.038461538461538464,1.0,0.005681818181818182,1.0,0.9615384615384616,0.0,1,182,0.02,0.00546448087431694,1,7,175,0,176,7,183,9769,0.03825136612021858
37,0.0, 7th-8th,education,100,1,100_abs,0.9943181818181818,0.038461538461538464,1.0,0.005681818181818182,1.0,0.9615384615384616,0.0,1,182,0.01,0.00546448087431694,1,7,175,0,176,7,183,9769,0.03825136612021858
38,1.0, 7th-8th,education,9769,1,1.0_pct,0.0,0.0,0.9617486338797814,1.0,0.0,0.0,0.03825136612021858,183,0,0.0187327259699048,1.0,176,0,0,7,176,7,183,9769,0.03825136612021858
39,1.0, 7th-8th,education,9769,1,2.0_pct,0.0,0.0,0.9617486338797814,1.0,0.0,0.0,0.03825136612021858,183,0,0.0187327259699048,1.0,176,0,0,7,176,7,183,9769,0.03825136612021858
40,1.0, 7th-8th,education,9769,1,5.0_pct,0.0,0.0,0.9617486338797814,1.0,0.0,0.0,0.03825136612021858,183,0,0.0187327259699048,1.0,176,0,0,7,176,7,183,9769,0.03825136612021858
41,1.0, 7th-8th,education,9769,1,10.0_pct,0.0,0.0,0.9617486338797814,1.0,0.0,0.0,0.03825136612021858,183,0,0.0187327259699048,1.0,176,0,0,7,176,7,183,9769,0.03825136612021858
42,0.0, 9th,education,10,1,10_abs,1.0,0.052980132450331126,0.0,0.0,1.0,0.9470198675496688,0.0,0,151,0.0,0.0,0,8,143,0,143,8,151,9769,0.052980132450331126
43,0.0, 9th,education,50,1,50_abs,1.0,0.052980132450331126,0.0,0.0,1.0,0.9470198675496688,0.0,0,151,0.0,0.0,0,8,143,0,143,8,151,9769,0.052980132450331126
44,0.0, 9th,education,100,1,100_abs,0.993006993006993,0.05333333333333334,1.0,0.006993006993006993,1.0,0.9466666666666667,0.0,1,150,0.01,0.006622516556291391,1,8,142,0,143,8,151,9769,0.052980132450331126
45,1.0, 9th,education,9769,1,1.0_pct,0.0,0.0,0.9470198675496688,1.0,0.0,0.0,0.052980132450331126,151,0,0.01545705804074112,1.0,143,0,0,8,143,8,151,9769,0.052980132450331126
46,1.0, 9th,education,9769,1,2.0_pct,0.0,0.0,0.9470198675496688,1.0,0.0,0.0,0.052980132450331126,151,0,0.01545705804074112,1.0,143,0,0,8,143,8,151,9769,0.052980132450331126
47,1.0, 9th,education,9769,1,5.0_pct,0.0,0.0,0.9470198675496688,1.0,0.0,0.0,0.052980132450331126,151,0,0.01545705804074112,1.0,143,0,0,8,143,8,151,9769,0.052980132450331126
48,1.0, 9th,education,9769,1,10.0_pct,0.0,0.0,0.9470198675496688,1.0,0.0,0.0,0.052980132450331126,151,0,0.01545705804074112,1.0,143,0,0,8,143,8,151,9769,0.052980132450331126
49,0.0, Assoc-acdm,education,10,1,10_abs,1.0,0.2871287128712871,0.0,0.0,1.0,0.7128712871287128,0.0,0,303,0.0,0.0,0,87,216,0,216,87,303,9769,0.2871287128712871
50,0.0, Assoc-acdm,education,50,1,50_abs,1.0,0.2871287128712871,0.0,0.0,1.0,0.7128712871287128,0.0,0,303,0.0,0.0,0,87,216,0,216,87,303,9769,0.2871287128712871
51,0.0, Assoc-acdm,education,100,1,100_abs,0.9953703703703703,0.28807947019867547,1.0,0.004629629629629629,1.0,0.7119205298013245,0.0,1,302,0.01,0.0033003300330033004,1,87,215,0,216,87,303,9769,0.2871287128712871
52,1.0, Assoc-acdm,education,9769,1,1.0_pct,0.0,0.0,0.7128712871287128,1.0,0.0,0.0,0.2871287128712871,303,0,0.031016480704268604,1.0,216,0,0,87,216,87,303,9769,0.2871287128712871
53,1.0, Assoc-acdm,education,9769,1,2.0_pct,0.0,0.0,0.7128712871287128,1.0,0.0,0.0,0.2871287128712871,303,0,0.031016480704268604,1.0,216,0,0,87,216,87,303,9769,0.2871287128712871
54,1.0, Assoc-acdm,education,9769,1,5.0_pct,0.0,0.0,0.7128712871287128,1.0,0.0,0.0,0.2871287128712871,303,0,0.031016480704268604,1.0,216,0,0,87,216,87,303,9769,0.2871287128712871
55,1.0, Assoc-acdm,education,9769,1,10.0_pct,0.0,0.0,0.7128712871287128,1.0,0.0,0.0,0.2871287128712871,303,0,0.031016480704268604,1.0,216,0,0,87,216,87,303,9769,0.2871287128712871
56,0.0, Assoc-voc,education,10,1,10_abs,0.9965034965034965,0.2962962962962963,1.0,0.0034965034965034965,1.0,0.7037037037037037,0.0,1,405,0.1,0.0024630541871921183,1,120,285,0,286,120,406,9769,0.2955665024630542
57,0.0, Assoc-voc,education,50,1,50_abs,0.993006993006993,0.297029702970297,1.0,0.006993006993006993,1.0,0.7029702970297029,0.0,2,404,0.04,0.0049261083743842365,2,120,284,0,286,120,406,9769,0.2955665024630542
58,0.0, Assoc-voc,education,100,1,100_abs,0.993006993006993,0.297029702970297,1.0,0.006993006993006993,1.0,0.7029702970297029,0.0,2,404,0.02,0.0049261083743842365,2,120,284,0,286,120,406,9769,0.2955665024630542
59,1.0, Assoc-voc,education,9769,1,1.0_pct,0.0,0.0,0.7044334975369458,1.0,0.0,0.0,0.2955665024630542,406,0,0.04156003685126421,1.0,286,0,0,120,286,120,406,9769,0.2955665024630542
60,1.0, Assoc-voc,education,9769,1,2.0_pct,0.0,0.0,0.7044334975369458,1.0,0.0,0.0,0.2955665024630542,406,0,0.04156003685126421,1.0,286,0,0,120,286,120,406,9769,0.2955665024630542
61,1.0, Assoc-voc,education,9769,1,5.0_pct,0.0,0.0,0.7044334975369458,1.0,0.0,0.0,0.2955665024630542,406,0,0.04156003685126421,1.0,286,0,0,120,286,120,406,9769,0.2955665024630542
62,1.0, Assoc-voc,education,9769,1,10.0_pct,0.0,0.0,0.7044334975369458,1.0,0.0,0.0,0.2955665024630542,406,0,0.04156003685126421,1.0,286,0,0,120,286,120,406,9769,0.2955665024630542
63,0.0, Bachelors,education,10,1,10_abs,1.0,0.4074754901960784,0.0,0.0,1.0,0.5925245098039216,0.0,0,1632,0.0,0.0,0,665,967,0,967,665,1632,9769,0.4074754901960784
64,0.0015037593984962407, Bachelors,education,50,1,50_abs,0.9958634953464323,0.40811309157959436,0.8,0.004136504653567736,0.9984962406015038,0.5918869084204057,0.2,5,1627,0.1,0.0030637254901960784,4,664,963,1,967,665,1632,9769,0.4074754901960784
65,0.0015037593984962407, Bachelors,education,100,1,100_abs,0.9917269906928645,0.4091189155884165,0.8888888888888888,0.008273009307135471,0.9984962406015038,0.5908810844115835,0.1111111111111111,9,1623,0.09,0.0055147058823529415,8,664,959,1,967,665,1632,9769,0.4074754901960784
66,1.0, Bachelors,education,9769,1,1.0_pct,0.0,0.0,0.5925245098039216,1.0,0.0,0.0,0.4074754901960784,1632,0,0.16705906438734774,1.0,967,0,0,665,967,665,1632,9769,0.4074754901960784
67,1.0, Bachelors,education,9769,1,2.0_pct,0.0,0.0,0.5925245098039216,1.0,0.0,0.0,0.4074754901960784,1632,0,0.16705906438734774,1.0,967,0,0,665,967,665,1632,9769,0.4074754901960784
68,1.0, Bachelors,education,9769,1,5.0_pct,0.0,0.0,0.5925245098039216,1.0,0.0,0.0,0.4074754901960784,1632,0,0.16705906438734774,1.0,967,0,0,665,967,665,1632,9769,0.4074754901960784
69,1.0, Bachelors,education,9769,1,10.0_pct,0.0,0.0,0.5925245098039216,1.0,0.0,0.0,0.4074754901960784,1632,0,0.16705906438734774,1.0,967,0,0,665,967,665,1632,9769,0.4074754901960784
70,0.0, Doctorate,education,10,1,10_abs,1.0,0.728,0.0,0.0,1.0,0.272,0.0,0,125,0.0,0.0,0,91,34,0,34,91,125,9769,0.728
71,0.0, Doctorate,education,50,1,50_abs,1.0,0.728,0.0,0.0,1.0,0.272,0.0,0,125,0.0,0.0,0,91,34,0,34,91,125,9769,0.728
72,0.0, Doctorate,education,100,1,100_abs,1.0,0.728,0.0,0.0,1.0,0.272,0.0,0,125,0.0,0.0,0,91,34,0,34,91,125,9769,0.728
73,1.0, Doctorate,education,9769,1,1.0_pct,0.0,0.0,0.272,1.0,0.0,0.0,0.728,125,0,0.012795577848295629,1.0,34,0,0,91,34,91,125,9769,0.728
74,1.0, Doctorate,education,9769,1,2.0_pct,0.0,0.0,0.272,1.0,0.0,0.0,0.728,125,0,0.012795577848295629,1.0,34,0,0,91,34,91,125,9769,0.728
75,1.0, Doctorate,education,9769,1,5.0_pct,0.0,0.0,0.272,1.0,0.0,0.0,0.728,125,0,0.012795577848295629,1.0,34,0,0,91,34,91,125,9769,0.728
76,1.0, Doctorate,education,9769,1,10.0_pct,0.0,0.0,0.272,1.0,0.0,0.0,0.728,125,0,0.012795577848295629,1.0,34,0,0,91,34,91,125,9769,0.728
77,0.0, HS-grad,education,10,1,10_abs,0.998158379373849,0.15550015581177937,1.0,0.001841620626151013,1.0,0.8444998441882207,0.0,5,3209,0.5,0.0015556938394523958,5,499,2710,0,2715,499,3214,9769,0.1552582451773491
78,0.004008016032064128, HS-grad,education,50,1,50_abs,0.9930018416206261,0.15565299091763232,0.9047619047619048,0.006998158379373849,0.9959919839679359,0.8443470090823677,0.09523809523809523,21,3193,0.42,0.006533914125700062,19,497,2696,2,2715,499,3214,9769,0.1552582451773491
79,0.004008016032064128, HS-grad,education,100,1,100_abs,0.9863720073664825,0.15653543307086615,0.9487179487179487,0.013627992633517496,0.9959919839679359,0.8434645669291339,0.05128205128205128,39,3175,0.39,0.012134411947728687,37,497,2678,2,2715,499,3214,9769,0.1552582451773491
80,1.0, HS-grad,education,9769,1,1.0_pct,0.0,0.0,0.8447417548226509,1.0,0.0,0.0,0.1552582451773491,3214,0,0.32899989763537724,1.0,2715,0,0,499,2715,499,3214,9769,0.1552582451773491
81,1.0, HS-grad,education,9769,1,2.0_pct,0.0,0.0,0.8447417548226509,1.0,0.0,0.0,0.1552582451773491,3214,0,0.32899989763537724,1.0,2715,0,0,499,2715,499,3214,9769,0.1552582451773491
82,1.0, HS-grad,education,9769,1,5.0_pct,0.0,0.0,0.8447417548226509,1.0,0.0,0.0,0.1552582451773491,3214,0,0.32899989763537724,1.0,2715,0,0,499,2715,499,3214,9769,0.1552582451773491
83,1.0, HS-grad,education,9769,1,10.0_pct,0.0,0.0,0.8447417548226509,1.0,0.0,0.0,0.1552582451773491,3214,0,0.32899989763537724,1.0,2715,0,0,499,2715,499,3214,9769,0.1552582451773491
84,0.0, Masters,education,10,1,10_abs,1.0,0.5758835758835759,0.0,0.0,1.0,0.42411642411642414,0.0,0,481,0.0,0.0,0,277,204,0,204,277,481,9769,0.5758835758835759
85,0.0, Masters,education,50,1,50_abs,1.0,0.5758835758835759,0.0,0.0,1.0,0.42411642411642414,0.0,0,481,0.0,0.0,0,277,204,0,204,277,481,9769,0.5758835758835759
86,0.0, Masters,education,100,1,100_abs,0.9901960784313726,0.5782881002087683,1.0,0.00980392156862745,1.0,0.42171189979123175,0.0,2,479,0.02,0.004158004158004158,2,277,202,0,204,277,481,9769,0.5758835758835759
87,1.0, Masters,education,9769,1,1.0_pct,0.0,0.0,0.42411642411642414,1.0,0.0,0.0,0.5758835758835759,481,0,0.04923738356024158,1.0,204,0,0,277,204,277,481,9769,0.5758835758835759
88,1.0, Masters,education,9769,1,2.0_pct,0.0,0.0,0.42411642411642414,1.0,0.0,0.0,0.5758835758835759,481,0,0.04923738356024158,1.0,204,0,0,277,204,277,481,9769,0.5758835758835759
89,1.0, Masters,education,9769,1,5.0_pct,0.0,0.0,0.42411642411642414,1.0,0.0,0.0,0.5758835758835759,481,0,0.04923738356024158,1.0,204,0,0,277,204,277,481,9769,0.5758835758835759
90,1.0, Masters,education,9769,1,10.0_pct,0.0,0.0,0.42411642411642414,1.0,0.0,0.0,0.5758835758835759,481,0,0.04923738356024158,1.0,204,0,0,277,204,277,481,9769,0.5758835758835759
91,0.0, Preschool,education,10,1,10_abs,1.0,0.0,0.0,0.0,0.0,1.0,0.0,0,16,0.0,0.0,0,0,16,0,16,0,16,9769,0.0
92,0.0, Preschool,education,50,1,50_abs,0.9375,0.0,1.0,0.0625,0.0,1.0,0.0,1,15,0.02,0.0625,1,0,15,0,16,0,16,9769,0.0
93,0.0, Preschool,education,100,1,100_abs,0.9375,0.0,1.0,0.0625,0.0,1.0,0.0,1,15,0.01,0.0625,1,0,15,0,16,0,16,9769,0.0
94,0.0, Preschool,education,9769,1,1.0_pct,0.0,0.0,1.0,1.0,0.0,0.0,0.0,16,0,0.0016378339645818406,1.0,16,0,0,0,16,0,16,9769,0.0
95,0.0, Preschool,education,9769,1,2.0_pct,0.0,0.0,1.0,1.0,0.0,0.0,0.0,16,0,0.0016378339645818406,1.0,16,0,0,0,16,0,16,9769,0.0
96,0.0, Preschool,education,9769,1,5.0_pct,0.0,0.0,1.0,1.0,0.0,0.0,0.0,16,0,0.0016378339645818406,1.0,16,0,0,0,16,0,16,9769,0.0
97,0.0, Preschool,education,9769,1,10.0_pct,0.0,0.0,1.0,1.0,0.0,0.0,0.0,16,0,0.0016378339645818406,1.0,16,0,0,0,16,0,16,9769,0.0
98,0.0, Prof-school,education,10,1,10_abs,1.0,0.6966292134831461,0.0,0.0,1.0,0.30337078651685395,0.0,0,178,0.0,0.0,0,124,54,0,54,124,178,9769,0.6966292134831461
99,0.0, Prof-school,education,50,1,50_abs,1.0,0.6966292134831461,0.0,0.0,1.0,0.30337078651685395,0.0,0,178,0.0,0.0,0,124,54,0,54,124,178,9769,0.6966292134831461
100,0.0, Prof-school,education,100,1,100_abs,1.0,0.6966292134831461,0.0,0.0,1.0,0.30337078651685395,0.0,0,178,0.0,0.0,0,124,54,0,54,124,178,9769,0.6966292134831461
101,1.0, Prof-school,education,9769,1,1.0_pct,0.0,0.0,0.30337078651685395,1.0,0.0,0.0,0.6966292134831461,178,0,0.018220902855972977,1.0,54,0,0,124,54,124,178,9769,0.6966292134831461
102,1.0, Prof-school,education,9769,1,2.0_pct,0.0,0.0,0.30337078651685395,1.0,0.0,0.0,0.6966292134831461,178,0,0.018220902855972977,1.0,54,0,0,124,54,124,178,9769,0.6966292134831461
103,1.0, Prof-school,education,9769,1,5.0_pct,0.0,0.0,0.30337078651685395,1.0,0.0,0.0,0.6966292134831461,178,0,0.018220902855972977,1.0,54,0,0,124,54,124,178,9769,0.6966292134831461
104,1.0, Prof-school,education,9769,1,10.0_pct,0.0,0.0,0.30337078651685395,1.0,0.0,0.0,0.6966292134831461,178,0,0.018220902855972977,1.0,54,0,0,124,54,124,178,9769,0.6966292134831461
105,0.00234192037470726, Some-college,education,10,1,10_abs,0.998314606741573,0.19337267362687244,0.75,0.0016853932584269663,0.9976580796252927,0.8066273263731275,0.25,4,2203,0.4,0.0018124150430448573,3,426,1777,1,1780,427,2207,9769,0.19347530584503853
106,0.00234192037470726, Some-college,education,50,1,50_abs,0.9910112359550561,0.19452054794520549,0.9411764705882353,0.008988764044943821,0.9976580796252927,0.8054794520547945,0.058823529411764705,17,2190,0.34,0.007702763932940644,16,426,1764,1,1780,427,2207,9769,0.19347530584503853
107,0.00468384074941452, Some-college,education,100,1,100_abs,0.9825842696629213,0.19549218031278748,0.9393939393939394,0.01741573033707865,0.9953161592505855,0.8045078196872125,0.06060606060606061,33,2174,0.33,0.014952424105120073,31,425,1749,2,1780,427,2207,9769,0.19347530584503853
108,1.0, Some-college,education,9769,1,1.0_pct,0.0,0.0,0.8065246941549615,1.0,0.0,0.0,0.19347530584503853,2207,0,0.22591872248950762,1.0,1780,0,0,427,1780,427,2207,9769,0.19347530584503853
109,1.0, Some-college,education,9769,1,2.0_pct,0.0,0.0,0.8065246941549615,1.0,0.0,0.0,0.19347530584503853,2207,0,0.22591872248950762,1.0,1780,0,0,427,1780,427,2207,9769,0.19347530584503853
110,1.0, Some-college,education,9769,1,5.0_pct,0.0,0.0,0.8065246941549615,1.0,0.0,0.0,0.19347530584503853,2207,0,0.22591872248950762,1.0,1780,0,0,427,1780,427,2207,9769,0.19347530584503853
111,1.0, Some-college,education,9769,1,10.0_pct,0.0,0.0,0.8065246941549615,1.0,0.0,0.0,0.19347530584503853,2207,0,0.22591872248950762,1.0,1780,0,0,427,1780,427,2207,9769,0.19347530584503853
112,0.0, Female,gender,10,1,10_abs,0.9978880675818373,0.11212026307547761,1.0,0.0021119324181626186,1.0,0.8878797369245224,0.0,6,3193,0.6,0.001875586120662707,6,358,2835,0,2841,358,3199,9769,0.11190997186620819
113,0.0, Female,gender,50,1,50_abs,0.9929602252727913,0.11261402956904687,1.0,0.007039774727208729,1.0,0.8873859704309531,0.0,20,3179,0.4,0.006251953735542357,20,358,2821,0,2841,358,3199,9769,0.11190997186620819
114,0.0, Female,gender,100,1,100_abs,0.9838085181274199,0.11354265778623533,1.0,0.016191481872580078,1.0,0.8864573422137647,0.0,46,3153,0.46,0.01437949359174742,46,358,2795,0,2841,358,3199,9769,0.11190997186620819
115,1.0, Female,gender,9769,1,1.0_pct,0.0,0.0,0.8880900281337918,1.0,0.0,0.0,0.11190997186620819,3199,0,0.32746442829358174,1.0,2841,0,0,358,2841,358,3199,9769,0.11190997186620819
116,1.0, Female,gender,9769,1,2.0_pct,0.0,0.0,0.8880900281337918,1.0,0.0,0.0,0.11190997186620819,3199,0,0.32746442829358174,1.0,2841,0,0,358,2841,358,3199,9769,0.11190997186620819
117,1.0, Female,gender,9769,1,5.0_pct,0.0,0.0,0.8880900281337918,1.0,0.0,0.0,0.11190997186620819,3199,0,0.32746442829358174,1.0,2841,0,0,358,2841,358,3199,9769,0.11190997186620819
118,1.0, Female,gender,9769,1,10.0_pct,0.0,0.0,0.8880900281337918,1.0,0.0,0.0,0.11190997186620819,3199,0,0.32746442829358174,1.0,2841,0,0,358,2841,358,3199,9769,0.11190997186620819
119,0.0005015045135406219, Male,gender,10,1,10_abs,0.9993444055944056,0.3035333536399634,0.75,0.0006555944055944056,0.9994984954864594,0.6964666463600365,0.25,4,6566,0.4,0.0006088280060882801,3,1993,4573,1,4576,1994,6570,9769,0.3035007610350076
120,0.0020060180541624875, Male,gender,50,1,50_abs,0.9943181818181818,0.30428134556574926,0.8666666666666667,0.005681818181818182,0.9979939819458375,0.6957186544342507,0.13333333333333333,30,6540,0.6,0.0045662100456621,26,1990,4550,4,4576,1994,6570,9769,0.3035007610350076
121,0.003009027081243731, Male,gender,100,1,100_abs,0.9895104895104895,0.3050951503990178,0.8888888888888888,0.01048951048951049,0.9969909729187563,0.6949048496009822,0.1111111111111111,54,6516,0.54,0.00821917808219178,48,1988,4528,6,4576,1994,6570,9769,0.3035007610350076
122,1.0, Male,gender,9769,1,1.0_pct,0.0,0.0,0.6964992389649924,1.0,0.0,0.0,0.3035007610350076,6570,0,0.6725355717064183,1.0,4576,0,0,1994,4576,1994,6570,9769,0.3035007610350076
123,1.0, Male,gender,9769,1,2.0_pct,0.0,0.0,0.6964992389649924,1.0,0.0,0.0,0.3035007610350076,6570,0,0.6725355717064183,1.0,4576,0,0,1994,4576,1994,6570,9769,0.3035007610350076
124,1.0, Male,gender,9769,1,5.0_pct,0.0,0.0,0.6964992389649924,1.0,0.0,0.0,0.3035007610350076,6570,0,0.6725355717064183,1.0,4576,0,0,1994,4576,1994,6570,9769,0.3035007610350076
125,1.0, Male,gender,9769,1,10.0_pct,0.0,0.0,0.6964992389649924,1.0,0.0,0.0,0.3035007610350076,6570,0,0.6725355717064183,1.0,4576,0,0,1994,4576,1994,6570,9769,0.3035007610350076
126,0.0, Amer-Indian-Eskimo,race,10,1,10_abs,1.0,0.1,0.0,0.0,1.0,0.9,0.0,0,100,0.0,0.0,0,10,90,0,90,10,100,9769,0.1
127,0.0, Amer-Indian-Eskimo,race,50,1,50_abs,1.0,0.1,0.0,0.0,1.0,0.9,0.0,0,100,0.0,0.0,0,10,90,0,90,10,100,9769,0.1
128,0.0, Amer-Indian-Eskimo,race,100,1,100_abs,1.0,0.1,0.0,0.0,1.0,0.9,0.0,0,100,0.0,0.0,0,10,90,0,90,10,100,9769,0.1
129,1.0, Amer-Indian-Eskimo,race,9769,1,1.0_pct,0.0,0.0,0.9,1.0,0.0,0.0,0.1,100,0,0.010236462278636503,1.0,90,0,0,10,90,10,100,9769,0.1
130,1.0, Amer-Indian-Eskimo,race,9769,1,2.0_pct,0.0,0.0,0.9,1.0,0.0,0.0,0.1,100,0,0.010236462278636503,1.0,90,0,0,10,90,10,100,9769,0.1
131,1.0, Amer-Indian-Eskimo,race,9769,1,5.0_pct,0.0,0.0,0.9,1.0,0.0,0.0,0.1,100,0,0.010236462278636503,1.0,90,0,0,10,90,10,100,9769,0.1
132,1.0, Amer-Indian-Eskimo,race,9769,1,10.0_pct,0.0,0.0,0.9,1.0,0.0,0.0,0.1,100,0,0.010236462278636503,1.0,90,0,0,10,90,10,100,9769,0.1
133,0.0, Asian-Pac-Islander,race,10,1,10_abs,1.0,0.2706270627062706,0.0,0.0,1.0,0.7293729372937293,0.0,0,303,0.0,0.0,0,82,221,0,221,82,303,9769,0.2706270627062706
134,0.0, Asian-Pac-Islander,race,50,1,50_abs,0.9909502262443439,0.2724252491694352,1.0,0.00904977375565611,1.0,0.7275747508305648,0.0,2,301,0.04,0.006600660066006601,2,82,219,0,221,82,303,9769,0.2706270627062706
135,0.0, Asian-Pac-Islander,race,100,1,100_abs,0.9864253393665159,0.2733333333333333,1.0,0.013574660633484163,1.0,0.7266666666666667,0.0,3,300,0.03,0.009900990099009901,3,82,218,0,221,82,303,9769,0.2706270627062706
136,1.0, Asian-Pac-Islander,race,9769,1,1.0_pct,0.0,0.0,0.7293729372937293,1.0,0.0,0.0,0.2706270627062706,303,0,0.031016480704268604,1.0,221,0,0,82,221,82,303,9769,0.2706270627062706
137,1.0, Asian-Pac-Islander,race,9769,1,2.0_pct,0.0,0.0,0.7293729372937293,1.0,0.0,0.0,0.2706270627062706,303,0,0.031016480704268604,1.0,221,0,0,82,221,82,303,9769,0.2706270627062706
138,1.0, Asian-Pac-Islander,race,9769,1,5.0_pct,0.0,0.0,0.7293729372937293,1.0,0.0,0.0,0.2706270627062706,303,0,0.031016480704268604,1.0,221,0,0,82,221,82,303,9769,0.2706270627062706
139,1.0, Asian-Pac-Islander,race,9769,1,10.0_pct,0.0,0.0,0.7293729372937293,1.0,0.0,0.0,0.2706270627062706,303,0,0.031016480704268604,1.0,221,0,0,82,221,82,303,9769,0.2706270627062706
140,0.0, Black,race,10,1,10_abs,0.9988066825775657,0.13354037267080746,1.0,0.0011933174224343676,1.0,0.8664596273291926,0.0,1,966,0.1,0.001034126163391934,1,129,837,0,838,129,967,9769,0.13340227507755947
141,0.0, Black,race,50,1,50_abs,0.9952267303102625,0.13395638629283488,1.0,0.00477326968973747,1.0,0.8660436137071651,0.0,4,963,0.08,0.004136504653567736,4,129,834,0,838,129,967,9769,0.13340227507755947
142,0.0, Black,race,100,1,100_abs,0.9916467780429594,0.134375,1.0,0.008353221957040573,1.0,0.865625,0.0,7,960,0.07,0.007238883143743537,7,129,831,0,838,129,967,9769,0.13340227507755947
143,1.0, Black,race,9769,1,1.0_pct,0.0,0.0,0.8665977249224406,1.0,0.0,0.0,0.13340227507755947,967,0,0.09898659023441499,1.0,838,0,0,129,838,129,967,9769,0.13340227507755947
144,1.0, Black,race,9769,1,2.0_pct,0.0,0.0,0.8665977249224406,1.0,0.0,0.0,0.13340227507755947,967,0,0.09898659023441499,1.0,838,0,0,129,838,129,967,9769,0.13340227507755947
145,1.0, Black,race,9769,1,5.0_pct,0.0,0.0,0.8665977249224406,1.0,0.0,0.0,0.13340227507755947,967,0,0.09898659023441499,1.0,838,0,0,129,838,129,967,9769,0.13340227507755947
146,1.0, Black,race,9769,1,10.0_pct,0.0,0.0,0.8665977249224406,1.0,0.0,0.0,0.13340227507755947,967,0,0.09898659023441499,1.0,838,0,0,129,838,129,967,9769,0.13340227507755947
147,0.0, Other,race,10,1,10_abs,1.0,0.1095890410958904,0.0,0.0,1.0,0.8904109589041096,0.0,0,73,0.0,0.0,0,8,65,0,65,8,73,9769,0.1095890410958904
148,0.0, Other,race,50,1,50_abs,0.9846153846153847,0.1111111111111111,1.0,0.015384615384615385,1.0,0.8888888888888888,0.0,1,72,0.02,0.0136986301369863,1,8,64,0,65,8,73,9769,0.1095890410958904
149,0.0, Other,race,100,1,100_abs,0.9538461538461539,0.11428571428571428,1.0,0.046153846153846156,1.0,0.8857142857142857,0.0,3,70,0.03,0.0410958904109589,3,8,62,0,65,8,73,9769,0.1095890410958904
150,1.0, Other,race,9769,1,1.0_pct,0.0,0.0,0.8904109589041096,1.0,0.0,0.0,0.1095890410958904,73,0,0.007472617463404647,1.0,65,0,0,8,65,8,73,9769,0.1095890410958904
151,1.0, Other,race,9769,1,2.0_pct,0.0,0.0,0.8904109589041096,1.0,0.0,0.0,0.1095890410958904,73,0,0.007472617463404647,1.0,65,0,0,8,65,8,73,9769,0.1095890410958904
152,1.0, Other,race,9769,1,5.0_pct,0.0,0.0,0.8904109589041096,1.0,0.0,0.0,0.1095890410958904,73,0,0.007472617463404647,1.0,65,0,0,8,65,8,73,9769,0.1095890410958904
153,1.0, Other,race,9769,1,10.0_pct,0.0,0.0,0.8904109589041096,1.0,0.0,0.0,0.1095890410958904,73,0,0.007472617463404647,1.0,65,0,0,8,65,8,73,9769,0.1095890410958904
154,0.0004710315591144607, White,race,10,1,10_abs,0.9987103014670321,0.2551400745461104,0.8888888888888888,0.0012896985329679186,0.9995289684408856,0.7448599254538896,0.1111111111111111,9,8317,0.9,0.001080951237088638,8,2122,6195,1,6203,2123,8326,9769,0.2549843862599087
155,0.0018841262364578427, White,race,50,1,50_abs,0.9937127196517814,0.2558251841120367,0.9069767441860465,0.006287280348218604,0.9981158737635422,0.7441748158879633,0.09302325581395349,43,8283,0.86,0.005164544799423493,39,2119,6164,4,6203,2123,8326,9769,0.2549843862599087
156,0.002826189354686764, White,race,100,1,100_abs,0.9869418023536998,0.2569486588178177,0.9310344827586207,0.013058197646300177,0.9971738106453132,0.7430513411821823,0.06896551724137931,87,8239,0.87,0.010449195291856834,81,2117,6122,6,6203,2123,8326,9769,0.2549843862599087
157,1.0, White,race,9769,1,1.0_pct,0.0,0.0,0.7450156137400913,1.0,0.0,0.0,0.2549843862599087,8326,0,0.8522878493192753,1.0,6203,0,0,2123,6203,2123,8326,9769,0.2549843862599087
158,1.0, White,race,9769,1,2.0_pct,0.0,0.0,0.7450156137400913,1.0,0.0,0.0,0.2549843862599087,8326,0,0.8522878493192753,1.0,6203,0,0,2123,6203,2123,8326,9769,0.2549843862599087
159,1.0, White,race,9769,1,5.0_pct,0.0,0.0,0.7450156137400913,1.0,0.0,0.0,0.2549843862599087,8326,0,0.8522878493192753,1.0,6203,0,0,2123,6203,2123,8326,9769,0.2549843862599087
160,1.0, White,race,9769,1,10.0_pct,0.0,0.0,0.7450156137400913,1.0,0.0,0.0,0.2549843862599087,8326,0,0.8522878493192753,1.0,6203,0,0,2123,6203,2123,8326,9769,0.2549843862599087
